file,line,type,commit,author,date,time,timezone,datetime,depth,length
style.css,1,css,c02ea2cb,Arushi Patra,2026-04-02,18:37:05,-07:00,2026-04-02T18:37:05-07:00,0,4
style.css,2,css,c02ea2cb,Arushi Patra,2026-04-02,18:37:05,-07:00,2026-04-02T18:37:05-07:00,2,43
style.css,3,css,c02ea2cb,Arushi Patra,2026-04-02,18:37:05,-07:00,2026-04-02T18:37:05-07:00,4,42
style.css,4,css,c02ea2cb,Arushi Patra,2026-04-02,18:37:05,-07:00,2026-04-02T18:37:05-07:00,3,0
style.css,5,css,b9de1f1f,Arushi Patra,2026-04-17,09:59:47,-07:00,2026-04-17T09:59:47-07:00,2,23
style.css,6,css,b9de1f1f,Arushi Patra,2026-04-17,09:59:47,-07:00,2026-04-17T09:59:47-07:00,2,16
style.css,7,css,c02ea2cb,Arushi Patra,2026-04-02,18:37:05,-07:00,2026-04-02T18:37:05-07:00,2,23
style.css,8,css,e6e87e35,Arushi Patra,2026-04-09,17:57:21,-07:00,2026-04-09T17:57:21-07:00,2,15
style.css,9,css,6ad8bf72,Arushi Patra,2026-04-08,13:33:09,-07:00,2026-04-08T13:33:09-07:00,2,42
style.css,10,css,98f2f63f,Arushi Patra,2026-04-08,13:44:45,-07:00,2026-04-08T13:44:45-07:00,0,0
style.css,11,css,98f2f63f,Arushi Patra,2026-04-08,13:44:45,-07:00,2026-04-08T13:44:45-07:00,0,0
style.css,12,css,98f2f63f,Arushi Patra,2026-04-08,13:44:45,-07:00,2026-04-08T13:44:45-07:00,0,3
style.css,13,css,cee5f510,Arushi Patra,2026-04-17,09:53:26,-07:00,2026-04-17T09:53:26-07:00,1,39
style.css,14,css,98f2f63f,Arushi Patra,2026-04-08,13:44:45,-07:00,2026-04-08T13:44:45-07:00,1,12
style.css,15,css,cee5f510,Arushi Patra,2026-04-17,09:53:26,-07:00,2026-04-17T09:53:26-07:00,1,23
style.css,16,css,cee5f510,Arushi Patra,2026-04-17,09:53:26,-07:00,2026-04-17T09:53:26-07:00,1,39
style.css,17,css,e6e87e35,Arushi Patra,2026-04-09,17:57:21,-07:00,2026-04-09T17:57:21-07:00,1,18
style.css,18,css,8011a3f9,Arushi Patra,2026-04-17,11:53:26,-07:00,2026-04-17T11:53:26-07:00,1,18
style.css,19,css,e6e87e35,Arushi Patra,2026-04-09,17:57:21,-07:00,2026-04-09T17:57:21-07:00,0,0
style.css,20,css,7fddd650,Arushi Patra,2026-04-09,10:00:11,-07:00,2026-04-09T10:00:11-07:00,0,0
style.css,21,css,7fddd650,Arushi Patra,2026-04-09,10:00:11,-07:00,2026-04-09T10:00:11-07:00,0,0
style.css,22,css,e6e87e35,Arushi Patra,2026-04-09,17:57:21,-07:00,2026-04-09T17:57:21-07:00,0,5
style.css,23,css,7fddd650,Arushi Patra,2026-04-09,10:00:11,-07:00,2026-04-09T10:00:11-07:00,1,6
style.css,24,css,665418f0,Arushi Patra,2026-04-09,10:04:35,-07:00,2026-04-09T10:04:35-07:00,1,20
style.css,25,css,665418f0,Arushi Patra,2026-04-09,10:04:35,-07:00,2026-04-09T10:04:35-07:00,1,13
style.css,26,css,665418f0,Arushi Patra,2026-04-09,10:04:35,-07:00,2026-04-09T10:04:35-07:00,1,17
style.css,27,css,665418f0,Arushi Patra,2026-04-09,10:04:35,-07:00,2026-04-09T10:04:35-07:00,1,13
style.css,28,css,e6e87e35,Arushi Patra,2026-04-09,17:57:21,-07:00,2026-04-09T17:57:21-07:00,0,0
style.css,29,css,665418f0,Arushi Patra,2026-04-09,10:04:35,-07:00,2026-04-09T10:04:35-07:00,0,0
style.css,30,css,e6e87e35,Arushi Patra,2026-04-09,17:57:21,-07:00,2026-04-09T17:57:21-07:00,0,13
style.css,31,css,e6e87e35,Arushi Patra,2026-04-09,17:57:21,-07:00,2026-04-09T17:57:21-07:00,1,43
style.css,32,css,e6e87e35,Arushi Patra,2026-04-09,17:57:21,-07:00,2026-04-09T17:57:21-07:00,1,20
style.css,33,css,ce7a4490,Arushi Patra,2026-04-09,18:16:28,-07:00,2026-04-09T18:16:28-07:00,1,16
style.css,34,css,ce7a4490,Arushi Patra,2026-04-09,18:16:28,-07:00,2026-04-09T18:16:28-07:00,0,0
style.css,35,css,e6e87e35,Arushi Patra,2026-04-09,17:57:21,-07:00,2026-04-09T17:57:21-07:00,0,0
style.css,36,css,e6e87e35,Arushi Patra,2026-04-09,17:57:21,-07:00,2026-04-09T17:57:21-07:00,0,0
style.css,37,css,e6e87e35,Arushi Patra,2026-04-09,17:57:21,-07:00,2026-04-09T17:57:21-07:00,0,5
style.css,38,css,991686ef,Arushi Patra,2026-04-17,10:07:15,-07:00,2026-04-17T10:07:15-07:00,1,31
style.css,39,css,e6e87e35,Arushi Patra,2026-04-09,17:57:21,-07:00,2026-04-09T17:57:21-07:00,0,0
style.css,40,css,e6e87e35,Arushi Patra,2026-04-09,17:57:21,-07:00,2026-04-09T17:57:21-07:00,0,0
style.css,41,css,e6e87e35,Arushi Patra,2026-04-09,17:57:21,-07:00,2026-04-09T17:57:21-07:00,0,4
style.css,42,css,e6e87e35,Arushi Patra,2026-04-09,17:57:21,-07:00,2026-04-09T17:57:21-07:00,1,32
style.css,43,css,b9de1f1f,Arushi Patra,2026-04-17,09:59:47,-07:00,2026-04-17T09:59:47-07:00,1,23
style.css,44,css,e6e87e35,Arushi Patra,2026-04-09,17:57:21,-07:00,2026-04-09T17:57:21-07:00,0,0
style.css,45,css,e6e87e35,Arushi Patra,2026-04-09,17:57:21,-07:00,2026-04-09T17:57:21-07:00,0,0
style.css,46,css,e6e87e35,Arushi Patra,2026-04-09,17:57:21,-07:00,2026-04-09T17:57:21-07:00,0,11
style.css,47,css,e6e87e35,Arushi Patra,2026-04-09,17:57:21,-07:00,2026-04-09T17:57:21-07:00,1,20
style.css,48,css,b9de1f1f,Arushi Patra,2026-04-17,09:59:47,-07:00,2026-04-17T09:59:47-07:00,1,69
style.css,49,css,863eb9f5,Arushi Patra,2026-04-09,19:12:59,-07:00,2026-04-09T19:12:59-07:00,1,45
style.css,50,css,ce7a4490,Arushi Patra,2026-04-09,18:16:28,-07:00,2026-04-09T18:16:28-07:00,0,0
style.css,51,css,ce7a4490,Arushi Patra,2026-04-09,18:16:28,-07:00,2026-04-09T18:16:28-07:00,0,0
style.css,52,css,d0f1abe5,Arushi Patra,2026-04-09,18:27:50,-07:00,2026-04-09T18:27:50-07:00,0,4
style.css,53,css,489ea8f5,Arushi Patra,2026-04-09,19:23:54,-07:00,2026-04-09T19:23:54-07:00,1,12
style.css,54,css,489ea8f5,Arushi Patra,2026-04-09,19:23:54,-07:00,2026-04-09T19:23:54-07:00,1,30
style.css,55,css,489ea8f5,Arushi Patra,2026-04-09,19:23:54,-07:00,2026-04-09T19:23:54-07:00,1,7
style.css,56,css,489ea8f5,Arushi Patra,2026-04-09,19:23:54,-07:00,2026-04-09T19:23:54-07:00,0,0
style.css,57,css,489ea8f5,Arushi Patra,2026-04-09,19:23:54,-07:00,2026-04-09T19:23:54-07:00,0,0
style.css,58,css,489ea8f5,Arushi Patra,2026-04-09,19:23:54,-07:00,2026-04-09T19:23:54-07:00,0,5
style.css,59,css,d0f1abe5,Arushi Patra,2026-04-09,18:27:50,-07:00,2026-04-09T18:27:50-07:00,1,12
style.css,60,css,d0f1abe5,Arushi Patra,2026-04-09,18:27:50,-07:00,2026-04-09T18:27:50-07:00,1,29
style.css,61,css,d0f1abe5,Arushi Patra,2026-04-09,18:27:50,-07:00,2026-04-09T18:27:50-07:00,1,18
style.css,62,css,489ea8f5,Arushi Patra,2026-04-09,19:23:54,-07:00,2026-04-09T19:23:54-07:00,1,18
style.css,63,css,489ea8f5,Arushi Patra,2026-04-09,19:23:54,-07:00,2026-04-09T19:23:54-07:00,0,0
style.css,64,css,489ea8f5,Arushi Patra,2026-04-09,19:23:54,-07:00,2026-04-09T19:23:54-07:00,0,0
style.css,65,css,489ea8f5,Arushi Patra,2026-04-09,19:23:54,-07:00,2026-04-09T19:23:54-07:00,0,4
style.css,66,css,489ea8f5,Arushi Patra,2026-04-09,19:23:54,-07:00,2026-04-09T19:23:54-07:00,0,8
style.css,67,css,489ea8f5,Arushi Patra,2026-04-09,19:23:54,-07:00,2026-04-09T19:23:54-07:00,1,10
style.css,68,css,489ea8f5,Arushi Patra,2026-04-09,19:23:54,-07:00,2026-04-09T19:23:54-07:00,1,21
style.css,69,css,489ea8f5,Arushi Patra,2026-04-09,19:23:54,-07:00,2026-04-09T19:23:54-07:00,0,0
style.css,70,css,489ea8f5,Arushi Patra,2026-04-09,19:23:54,-07:00,2026-04-09T19:23:54-07:00,0,0
style.css,71,css,489ea8f5,Arushi Patra,2026-04-09,19:23:54,-07:00,2026-04-09T19:23:54-07:00,0,6
style.css,72,css,489ea8f5,Arushi Patra,2026-04-09,19:23:54,-07:00,2026-04-09T19:23:54-07:00,1,18
style.css,73,css,5465eee2,Arushi Patra,2026-04-09,18:42:06,-07:00,2026-04-09T18:42:06-07:00,0,0
style.css,74,css,5465eee2,Arushi Patra,2026-04-09,18:42:06,-07:00,2026-04-09T18:42:06-07:00,0,0
style.css,75,css,5465eee2,Arushi Patra,2026-04-09,18:42:06,-07:00,2026-04-09T18:42:06-07:00,0,8
style.css,76,css,5465eee2,Arushi Patra,2026-04-09,18:42:06,-07:00,2026-04-09T18:42:06-07:00,1,12
style.css,77,css,5465eee2,Arushi Patra,2026-04-09,18:42:06,-07:00,2026-04-09T18:42:06-07:00,1,58
style.css,78,css,5465eee2,Arushi Patra,2026-04-09,18:42:06,-07:00,2026-04-09T18:42:06-07:00,1,8
style.css,79,css,c61d1553,Arushi Patra,2026-04-09,18:51:26,-07:00,2026-04-09T18:51:26-07:00,0,0
style.css,80,css,c61d1553,Arushi Patra,2026-04-09,18:51:26,-07:00,2026-04-09T18:51:26-07:00,0,0
style.css,81,css,c61d1553,Arushi Patra,2026-04-09,18:51:26,-07:00,2026-04-09T18:51:26-07:00,0,0
style.css,82,css,c61d1553,Arushi Patra,2026-04-09,18:51:26,-07:00,2026-04-09T18:51:26-07:00,0,17
style.css,83,css,c61d1553,Arushi Patra,2026-04-09,18:51:26,-07:00,2026-04-09T18:51:26-07:00,1,12
style.css,84,css,c61d1553,Arushi Patra,2026-04-09,18:51:26,-07:00,2026-04-09T18:51:26-07:00,1,26
style.css,85,css,c61d1553,Arushi Patra,2026-04-09,18:51:26,-07:00,2026-04-09T18:51:26-07:00,1,15
style.css,86,css,c61d1553,Arushi Patra,2026-04-09,18:51:26,-07:00,2026-04-09T18:51:26-07:00,1,7
style.css,87,css,c61d1553,Arushi Patra,2026-04-09,18:51:26,-07:00,2026-04-09T18:51:26-07:00,0,0
style.css,88,css,9bbe6ff9,Arushi Patra,2026-04-30,21:00:50,-07:00,2026-04-30T21:00:50-07:00,0,12
style.css,89,css,1408a97c,Arushi Patra,2026-04-30,15:03:41,-07:00,2026-04-30T15:03:41-07:00,0,16
style.css,90,css,1408a97c,Arushi Patra,2026-04-30,15:03:41,-07:00,2026-04-30T15:03:41-07:00,1,12
style.css,91,css,1408a97c,Arushi Patra,2026-04-30,15:03:41,-07:00,2026-04-30T15:03:41-07:00,1,21
style.css,92,css,1408a97c,Arushi Patra,2026-04-30,15:03:41,-07:00,2026-04-30T15:03:41-07:00,1,9
style.css,93,css,1408a97c,Arushi Patra,2026-04-30,15:03:41,-07:00,2026-04-30T15:03:41-07:00,0,0
style.css,94,css,1408a97c,Arushi Patra,2026-04-30,15:03:41,-07:00,2026-04-30T15:03:41-07:00,0,0
style.css,95,css,1408a97c,Arushi Patra,2026-04-30,15:03:41,-07:00,2026-04-30T15:03:41-07:00,0,29
style.css,96,css,1408a97c,Arushi Patra,2026-04-30,15:03:41,-07:00,2026-04-30T15:03:41-07:00,0,0
style.css,97,css,1408a97c,Arushi Patra,2026-04-30,15:03:41,-07:00,2026-04-30T15:03:41-07:00,1,30
style.css,98,css,1408a97c,Arushi Patra,2026-04-30,15:03:41,-07:00,2026-04-30T15:03:41-07:00,1,34
style.css,99,css,1408a97c,Arushi Patra,2026-04-30,15:03:41,-07:00,2026-04-30T15:03:41-07:00,0,0
style.css,100,css,1408a97c,Arushi Patra,2026-04-30,15:03:41,-07:00,2026-04-30T15:03:41-07:00,0,0
style.css,101,css,9bbe6ff9,Arushi Patra,2026-04-30,21:00:50,-07:00,2026-04-30T21:00:50-07:00,0,18
style.css,102,css,9bbe6ff9,Arushi Patra,2026-04-30,21:00:50,-07:00,2026-04-30T21:00:50-07:00,1,14
style.css,103,css,9bbe6ff9,Arushi Patra,2026-04-30,21:00:50,-07:00,2026-04-30T21:00:50-07:00,1,16
style.css,104,css,9bbe6ff9,Arushi Patra,2026-04-30,21:00:50,-07:00,2026-04-30T21:00:50-07:00,0,0
style.css,105,css,9bbe6ff9,Arushi Patra,2026-04-30,21:00:50,-07:00,2026-04-30T21:00:50-07:00,1,16
style.css,106,css,b12a4771,Arushi Patra,2026-04-30,22:01:39,-07:00,2026-04-30T22:01:39-07:00,1,13
style.css,107,css,baf19572,Arushi Patra,2026-04-30,22:37:01,-07:00,2026-04-30T22:37:01-07:00,0,0
style.css,108,css,baf19572,Arushi Patra,2026-04-30,22:37:01,-07:00,2026-04-30T22:37:01-07:00,1,17
style.css,109,css,baf19572,Arushi Patra,2026-04-30,22:37:01,-07:00,2026-04-30T22:37:01-07:00,2,16
style.css,110,css,baf19572,Arushi Patra,2026-04-30,22:37:01,-07:00,2026-04-30T22:37:01-07:00,3,11
style.css,111,css,baf19572,Arushi Patra,2026-04-30,22:37:01,-07:00,2026-04-30T22:37:01-07:00,2,0
style.css,112,css,baf19572,Arushi Patra,2026-04-30,22:37:01,-07:00,2026-04-30T22:37:01-07:00,1,0
style.css,113,css,baf19572,Arushi Patra,2026-04-30,22:37:01,-07:00,2026-04-30T22:37:01-07:00,1,4
style.css,114,css,baf19572,Arushi Patra,2026-04-30,22:37:01,-07:00,2026-04-30T22:37:01-07:00,2,16
style.css,115,css,baf19572,Arushi Patra,2026-04-30,22:37:01,-07:00,2026-04-30T22:37:01-07:00,2,14
style.css,116,css,baf19572,Arushi Patra,2026-04-30,22:37:01,-07:00,2026-04-30T22:37:01-07:00,1,0
style.css,117,css,9bbe6ff9,Arushi Patra,2026-04-30,21:00:50,-07:00,2026-04-30T21:00:50-07:00,0,0
style.css,118,css,9bbe6ff9,Arushi Patra,2026-04-30,21:00:50,-07:00,2026-04-30T21:00:50-07:00,0,0
style.css,119,css,c61d1553,Arushi Patra,2026-04-09,18:51:26,-07:00,2026-04-09T18:51:26-07:00,0,2
style.css,120,css,c61d1553,Arushi Patra,2026-04-09,18:51:26,-07:00,2026-04-09T18:51:26-07:00,1,14
style.css,121,css,c61d1553,Arushi Patra,2026-04-09,18:51:26,-07:00,2026-04-09T18:51:26-07:00,0,0
style.css,122,css,c61d1553,Arushi Patra,2026-04-09,18:51:26,-07:00,2026-04-09T18:51:26-07:00,0,0
style.css,123,css,c61d1553,Arushi Patra,2026-04-09,18:51:26,-07:00,2026-04-09T18:51:26-07:00,0,22
style.css,124,css,c61d1553,Arushi Patra,2026-04-09,18:51:26,-07:00,2026-04-09T18:51:26-07:00,1,15
style.css,125,css,c61d1553,Arushi Patra,2026-04-09,18:51:26,-07:00,2026-04-09T18:51:26-07:00,1,17
style.css,126,css,6715f509,Arushi Patra,2026-04-09,18:55:17,-07:00,2026-04-09T18:55:17-07:00,0,0
style.css,127,css,90a30d5b,Arushi Patra,2026-04-10,11:17:55,-07:00,2026-04-10T11:17:55-07:00,0,0
style.css,128,css,05d32c83,Arushi Patra,2026-04-10,11:26:43,-07:00,2026-04-10T11:26:43-07:00,0,10
style.css,129,css,05d32c83,Arushi Patra,2026-04-10,11:26:43,-07:00,2026-04-10T11:26:43-07:00,0,15
style.css,130,css,05d32c83,Arushi Patra,2026-04-10,11:26:43,-07:00,2026-04-10T11:26:43-07:00,1,20
style.css,131,css,05d32c83,Arushi Patra,2026-04-10,11:26:43,-07:00,2026-04-10T11:26:43-07:00,0,0
style.css,132,css,05d32c83,Arushi Patra,2026-04-10,11:26:43,-07:00,2026-04-10T11:26:43-07:00,0,0
style.css,133,css,05d32c83,Arushi Patra,2026-04-10,11:26:43,-07:00,2026-04-10T11:26:43-07:00,0,18
style.css,134,css,05d32c83,Arushi Patra,2026-04-10,11:26:43,-07:00,2026-04-10T11:26:43-07:00,1,17
style.css,135,css,05d32c83,Arushi Patra,2026-04-10,11:26:43,-07:00,2026-04-10T11:26:43-07:00,1,24
style.css,136,css,05d32c83,Arushi Patra,2026-04-10,11:26:43,-07:00,2026-04-10T11:26:43-07:00,1,21
style.css,137,css,a167cedb,Arushi Patra,2026-04-17,16:27:33,-07:00,2026-04-17T16:27:33-07:00,1,25
style.css,138,css,a167cedb,Arushi Patra,2026-04-17,16:27:33,-07:00,2026-04-17T16:27:33-07:00,0,0
style.css,139,css,a167cedb,Arushi Patra,2026-04-17,16:27:33,-07:00,2026-04-17T16:27:33-07:00,0,0
style.css,140,css,a167cedb,Arushi Patra,2026-04-17,16:27:33,-07:00,2026-04-17T16:27:33-07:00,0,18
style.css,141,css,a167cedb,Arushi Patra,2026-04-17,16:27:33,-07:00,2026-04-17T16:27:33-07:00,1,11
style.css,142,css,a167cedb,Arushi Patra,2026-04-17,16:27:33,-07:00,2026-04-17T16:27:33-07:00,1,35
style.css,143,css,a167cedb,Arushi Patra,2026-04-17,16:27:33,-07:00,2026-04-17T16:27:33-07:00,1,11
style.css,144,css,a167cedb,Arushi Patra,2026-04-17,16:27:33,-07:00,2026-04-17T16:27:33-07:00,1,20
style.css,145,css,a167cedb,Arushi Patra,2026-04-17,16:27:33,-07:00,2026-04-17T16:27:33-07:00,0,0
style.css,146,css,a167cedb,Arushi Patra,2026-04-17,16:27:33,-07:00,2026-04-17T16:27:33-07:00,0,0
style.css,147,css,a167cedb,Arushi Patra,2026-04-17,16:27:33,-07:00,2026-04-17T16:27:33-07:00,0,18
style.css,148,css,a167cedb,Arushi Patra,2026-04-17,16:27:33,-07:00,2026-04-17T16:27:33-07:00,1,14
style.css,149,css,a167cedb,Arushi Patra,2026-04-17,16:27:33,-07:00,2026-04-17T16:27:33-07:00,1,18
style.css,150,css,a167cedb,Arushi Patra,2026-04-17,16:27:33,-07:00,2026-04-17T16:27:33-07:00,0,0
style.css,151,css,a167cedb,Arushi Patra,2026-04-17,16:27:33,-07:00,2026-04-17T16:27:33-07:00,0,0
style.css,152,css,a167cedb,Arushi Patra,2026-04-17,16:27:33,-07:00,2026-04-17T16:27:33-07:00,0,13
style.css,153,css,a167cedb,Arushi Patra,2026-04-17,16:27:33,-07:00,2026-04-17T16:27:33-07:00,1,17
style.css,154,css,a167cedb,Arushi Patra,2026-04-17,16:27:33,-07:00,2026-04-17T16:27:33-07:00,1,11
style.css,155,css,a167cedb,Arushi Patra,2026-04-17,16:27:33,-07:00,2026-04-17T16:27:33-07:00,1,13
style.css,156,css,a167cedb,Arushi Patra,2026-04-17,16:27:33,-07:00,2026-04-17T16:27:33-07:00,1,13
style.css,157,css,c1e8f0ec,Arushi Patra,2026-04-23,15:55:00,-07:00,2026-04-23T15:55:00-07:00,0,0
style.css,158,css,c1e8f0ec,Arushi Patra,2026-04-23,15:55:00,-07:00,2026-04-23T15:55:00-07:00,0,0
style.css,159,css,c1e8f0ec,Arushi Patra,2026-04-23,15:55:00,-07:00,2026-04-23T15:55:00-07:00,0,17
style.css,160,css,c1e8f0ec,Arushi Patra,2026-04-23,15:55:00,-07:00,2026-04-23T15:55:00-07:00,1,12
style.css,161,css,c1e8f0ec,Arushi Patra,2026-04-23,15:55:00,-07:00,2026-04-23T15:55:00-07:00,1,36
style.css,162,css,c1e8f0ec,Arushi Patra,2026-04-23,15:55:00,-07:00,2026-04-23T15:55:00-07:00,0,0
style.css,163,css,c1e8f0ec,Arushi Patra,2026-04-23,15:55:00,-07:00,2026-04-23T15:55:00-07:00,0,0
style.css,164,css,c1e8f0ec,Arushi Patra,2026-04-23,15:55:00,-07:00,2026-04-23T15:55:00-07:00,0,17
style.css,165,css,c1e8f0ec,Arushi Patra,2026-04-23,15:55:00,-07:00,2026-04-23T15:55:00-07:00,1,10
style.css,166,css,c1e8f0ec,Arushi Patra,2026-04-23,15:55:00,-07:00,2026-04-23T15:55:00-07:00,0,0
style.css,167,css,c1e8f0ec,Arushi Patra,2026-04-23,15:55:00,-07:00,2026-04-23T15:55:00-07:00,0,0
style.css,168,css,c1e8f0ec,Arushi Patra,2026-04-23,15:55:00,-07:00,2026-04-23T15:55:00-07:00,0,17
style.css,169,css,c1e8f0ec,Arushi Patra,2026-04-23,15:55:00,-07:00,2026-04-23T15:55:00-07:00,1,10
style.css,170,css,40b15cba,Arushi Patra,2026-04-30,21:51:04,-07:00,2026-04-30T21:51:04-07:00,0,0
style.css,171,css,40b15cba,Arushi Patra,2026-04-30,21:51:04,-07:00,2026-04-30T21:51:04-07:00,0,0
style.css,172,css,40b15cba,Arushi Patra,2026-04-30,21:51:04,-07:00,2026-04-30T21:51:04-07:00,0,0
style.css,173,css,40b15cba,Arushi Patra,2026-04-30,21:51:04,-07:00,2026-04-30T21:51:04-07:00,0,8
style.css,174,css,40b15cba,Arushi Patra,2026-04-30,21:51:04,-07:00,2026-04-30T21:51:04-07:00,0,0
style.css,175,css,40b15cba,Arushi Patra,2026-04-30,21:51:04,-07:00,2026-04-30T21:51:04-07:00,0,7
style.css,176,css,40b15cba,Arushi Patra,2026-04-30,21:51:04,-07:00,2026-04-30T21:51:04-07:00,1,12
style.css,177,css,40b15cba,Arushi Patra,2026-04-30,21:51:04,-07:00,2026-04-30T21:51:04-07:00,1,57
style.css,178,css,40b15cba,Arushi Patra,2026-04-30,21:51:04,-07:00,2026-04-30T21:51:04-07:00,1,15
style.css,179,css,40b15cba,Arushi Patra,2026-04-30,21:51:04,-07:00,2026-04-30T21:51:04-07:00,1,11
style.css,180,css,40b15cba,Arushi Patra,2026-04-30,21:51:04,-07:00,2026-04-30T21:51:04-07:00,1,41
style.css,181,css,40b15cba,Arushi Patra,2026-04-30,21:51:04,-07:00,2026-04-30T21:51:04-07:00,1,7
style.css,182,css,1e05c722,Arushi Patra,2026-04-30,21:57:14,-07:00,2026-04-30T21:57:14-07:00,1,6
style.css,183,css,40b15cba,Arushi Patra,2026-04-30,21:51:04,-07:00,2026-04-30T21:51:04-07:00,0,0
style.css,184,css,40b15cba,Arushi Patra,2026-04-30,21:51:04,-07:00,2026-04-30T21:51:04-07:00,0,0
style.css,185,css,40b15cba,Arushi Patra,2026-04-30,21:51:04,-07:00,2026-04-30T21:51:04-07:00,0,12
style.css,186,css,40b15cba,Arushi Patra,2026-04-30,21:51:04,-07:00,2026-04-30T21:51:04-07:00,1,12
style.css,187,css,40b15cba,Arushi Patra,2026-04-30,21:51:04,-07:00,2026-04-30T21:51:04-07:00,1,18
style.css,188,css,40b15cba,Arushi Patra,2026-04-30,21:51:04,-07:00,2026-04-30T21:51:04-07:00,1,9
style.css,189,css,40b15cba,Arushi Patra,2026-04-30,21:51:04,-07:00,2026-04-30T21:51:04-07:00,0,0
style.css,190,css,40b15cba,Arushi Patra,2026-04-30,21:51:04,-07:00,2026-04-30T21:51:04-07:00,0,0
style.css,191,css,40b15cba,Arushi Patra,2026-04-30,21:51:04,-07:00,2026-04-30T21:51:04-07:00,0,7
style.css,192,css,40b15cba,Arushi Patra,2026-04-30,21:51:04,-07:00,2026-04-30T21:51:04-07:00,1,20
style.css,193,css,40b15cba,Arushi Patra,2026-04-30,21:51:04,-07:00,2026-04-30T21:51:04-07:00,1,9
style.css,194,css,40b15cba,Arushi Patra,2026-04-30,21:51:04,-07:00,2026-04-30T21:51:04-07:00,1,18
style.css,195,css,40b15cba,Arushi Patra,2026-04-30,21:51:04,-07:00,2026-04-30T21:51:04-07:00,1,29
style.css,196,css,40b15cba,Arushi Patra,2026-04-30,21:51:04,-07:00,2026-04-30T21:51:04-07:00,1,17
style.css,197,css,c8b8822b,Arushi Patra,2026-04-30,21:58:26,-07:00,2026-04-30T21:58:26-07:00,0,0
style.css,198,css,c8b8822b,Arushi Patra,2026-04-30,21:58:26,-07:00,2026-04-30T21:58:26-07:00,0,0
style.css,199,css,c8b8822b,Arushi Patra,2026-04-30,21:58:26,-07:00,2026-04-30T21:58:26-07:00,0,10
style.css,200,css,c8b8822b,Arushi Patra,2026-04-30,21:58:26,-07:00,2026-04-30T21:58:26-07:00,1,12
style.css,201,css,c8b8822b,Arushi Patra,2026-04-30,21:58:26,-07:00,2026-04-30T21:58:26-07:00,1,18
style.css,202,css,c8b8822b,Arushi Patra,2026-04-30,21:58:26,-07:00,2026-04-30T21:58:26-07:00,1,7
style.css,203,css,baf19572,Arushi Patra,2026-04-30,22:37:01,-07:00,2026-04-30T22:37:01-07:00,0,0
style.css,204,css,baf19572,Arushi Patra,2026-04-30,22:37:01,-07:00,2026-04-30T22:37:01-07:00,0,0
style.css,205,css,baf19572,Arushi Patra,2026-04-30,22:37:01,-07:00,2026-04-30T22:37:01-07:00,0,0
style.css,206,css,baf19572,Arushi Patra,2026-04-30,22:37:01,-07:00,2026-04-30T22:37:01-07:00,0,9
style.css,207,css,baf19572,Arushi Patra,2026-04-30,22:37:01,-07:00,2026-04-30T22:37:01-07:00,1,35
style.css,208,css,baf19572,Arushi Patra,2026-04-30,22:37:01,-07:00,2026-04-30T22:37:01-07:00,0,0
style.css,209,css,baf19572,Arushi Patra,2026-04-30,22:37:01,-07:00,2026-04-30T22:37:01-07:00,1,10
style.css,210,css,baf19572,Arushi Patra,2026-04-30,22:37:01,-07:00,2026-04-30T22:37:01-07:00,2,17
style.css,211,css,baf19572,Arushi Patra,2026-04-30,22:37:01,-07:00,2026-04-30T22:37:01-07:00,1,0
style.css,212,css,a167cedb,Arushi Patra,2026-04-17,16:27:33,-07:00,2026-04-17T16:27:33-07:00,0,0
index.js,1,js,c1e8f0ec,Arushi Patra,2026-04-23,15:55:00,-07:00,2026-04-23T15:55:00-07:00,0,71
index.js,2,js,c8502270,Arushi Patra,2026-04-23,15:27:15,-07:00,2026-04-23T15:27:15-07:00,0,0
index.js,3,js,c8502270,Arushi Patra,2026-04-23,15:27:15,-07:00,2026-04-23T15:27:15-07:00,0,54
index.js,4,js,c8502270,Arushi Patra,2026-04-23,15:27:15,-07:00,2026-04-23T15:27:15-07:00,0,42
index.js,5,js,c8502270,Arushi Patra,2026-04-23,15:27:15,-07:00,2026-04-23T15:27:15-07:00,0,0
index.js,6,js,c8502270,Arushi Patra,2026-04-23,15:27:15,-07:00,2026-04-23T15:27:15-07:00,0,60
index.js,7,js,4e589af1,Arushi Patra,2026-04-23,15:40:50,-07:00,2026-04-23T15:40:50-07:00,0,28
index.js,8,js,c8502270,Arushi Patra,2026-04-23,15:27:15,-07:00,2026-04-23T15:27:15-07:00,0,54
index.js,9,js,c1e8f0ec,Arushi Patra,2026-04-23,15:55:00,-07:00,2026-04-23T15:55:00-07:00,0,0
index.js,10,js,9cc83953,Arushi Patra,2026-04-23,16:02:06,-07:00,2026-04-23T16:02:06-07:00,0,51
index.js,11,js,c1e8f0ec,Arushi Patra,2026-04-23,15:55:00,-07:00,2026-04-23T15:55:00-07:00,0,0
index.js,12,js,c1e8f0ec,Arushi Patra,2026-04-23,15:55:00,-07:00,2026-04-23T15:55:00-07:00,0,60
index.js,13,js,c1e8f0ec,Arushi Patra,2026-04-23,15:55:00,-07:00,2026-04-23T15:55:00-07:00,0,0
index.js,14,js,c1e8f0ec,Arushi Patra,2026-04-23,15:55:00,-07:00,2026-04-23T15:55:00-07:00,0,17
index.js,15,js,c1e8f0ec,Arushi Patra,2026-04-23,15:55:00,-07:00,2026-04-23T15:55:00-07:00,2,24
index.js,16,js,3343c8e0,Arushi Patra,2026-04-30,14:35:16,-07:00,2026-04-30T14:35:16-07:00,4,2
index.js,17,js,c1e8f0ec,Arushi Patra,2026-04-23,15:55:00,-07:00,2026-04-23T15:55:00-07:00,6,55
index.js,18,js,c1e8f0ec,Arushi Patra,2026-04-23,15:55:00,-07:00,2026-04-23T15:55:00-07:00,6,55
index.js,19,js,c1e8f0ec,Arushi Patra,2026-04-23,15:55:00,-07:00,2026-04-23T15:55:00-07:00,6,49
index.js,20,js,c1e8f0ec,Arushi Patra,2026-04-23,15:55:00,-07:00,2026-04-23T15:55:00-07:00,6,49
index.js,21,js,3343c8e0,Arushi Patra,2026-04-30,14:35:16,-07:00,2026-04-30T14:35:16-07:00,4,3
index.js,22,js,c1e8f0ec,Arushi Patra,2026-04-23,15:55:00,-07:00,2026-04-23T15:55:00-07:00,3,0
index.js,23,js,c1e8f0ec,Arushi Patra,2026-04-23,15:55:00,-07:00,2026-04-23T15:55:00-07:00,1,0
index.html,1,html,3037e6df,Arushi Patra,2026-04-02,17:17:01,-07:00,2026-04-02T17:17:01-07:00,0,13
index.html,2,html,3037e6df,Arushi Patra,2026-04-02,17:17:01,-07:00,2026-04-02T17:17:01-07:00,0,14
index.html,3,html,3037e6df,Arushi Patra,2026-04-02,17:17:01,-07:00,2026-04-02T17:17:01-07:00,0,4
index.html,4,html,3037e6df,Arushi Patra,2026-04-02,17:17:01,-07:00,2026-04-02T17:17:01-07:00,2,20
index.html,5,html,3037e6df,Arushi Patra,2026-04-02,17:17:01,-07:00,2026-04-02T17:17:01-07:00,2,68
index.html,6,html,8467ec42,Arushi Patra,2026-04-02,18:49:35,-07:00,2026-04-02T18:49:35-07:00,2,54
index.html,7,html,0008e40b,Arushi Patra,2026-04-02,18:52:55,-07:00,2026-04-02T18:52:55-07:00,2,38
index.html,8,html,06f609c8,Arushi Patra,2026-04-23,16:08:07,-07:00,2026-04-23T16:08:07-07:00,2,44
index.html,9,html,3037e6df,Arushi Patra,2026-04-02,17:17:01,-07:00,2026-04-02T17:17:01-07:00,0,5
index.html,10,html,3037e6df,Arushi Patra,2026-04-02,17:17:01,-07:00,2026-04-02T17:17:01-07:00,0,4
index.html,11,html,8536ab7e,Arushi Patra,2026-04-23,15:29:39,-07:00,2026-04-23T15:29:39-07:00,0,0
index.html,12,html,c8502270,Arushi Patra,2026-04-23,15:27:15,-07:00,2026-04-23T15:27:15-07:00,0,0
index.html,13,html,488a7ea7,Arushi Patra,2026-04-23,16:11:58,-07:00,2026-04-23T16:11:58-07:00,2,0
index.html,14,html,06f609c8,Arushi Patra,2026-04-23,16:08:07,-07:00,2026-04-23T16:08:07-07:00,0,0
index.html,15,html,7bceaabd,Arushi Patra,2026-04-23,16:13:45,-07:00,2026-04-23T16:13:45-07:00,2,0
index.html,16,html,06f609c8,Arushi Patra,2026-04-23,16:08:07,-07:00,2026-04-23T16:08:07-07:00,2,0
index.html,17,html,e90c907b,Arushi Patra,2026-04-16,14:16:56,-07:00,2026-04-16T14:16:56-07:00,2,8
index.html,18,html,0a4765ff,Arushi Patra,2026-04-16,14:11:23,-07:00,2026-04-16T14:11:23-07:00,4,27
index.html,19,html,2ce9670f,Arushi Patra,2026-04-08,13:35:34,-07:00,2026-04-08T13:35:34-07:00,4,30
index.html,20,html,ce7a4490,Arushi Patra,2026-04-09,18:16:28,-07:00,2026-04-09T18:16:28-07:00,4,28
index.html,21,html,2ce9670f,Arushi Patra,2026-04-08,13:35:34,-07:00,2026-04-08T13:35:34-07:00,4,26
index.html,22,html,4d6b1c03,Arushi Patra,2026-04-02,20:16:22,-07:00,2026-04-02T20:16:22-07:00,4,65
index.html,23,html,e90c907b,Arushi Patra,2026-04-16,14:16:56,-07:00,2026-04-16T14:16:56-07:00,2,8
index.html,24,html,3037e6df,Arushi Patra,2026-04-02,17:17:01,-07:00,2026-04-02T17:17:01-07:00,2,2
index.html,25,html,3037e6df,Arushi Patra,2026-04-02,17:17:01,-07:00,2026-04-02T17:17:01-07:00,4,10
index.html,26,html,3037e6df,Arushi Patra,2026-04-02,17:17:01,-07:00,2026-04-02T17:17:01-07:00,2,3
index.html,27,html,3037e6df,Arushi Patra,2026-04-02,17:17:01,-07:00,2026-04-02T17:17:01-07:00,2,1
index.html,28,html,53678e9b,Arushi Patra,2026-04-08,13:16:26,-07:00,2026-04-08T13:16:26-07:00,4,157
index.html,29,html,53678e9b,Arushi Patra,2026-04-08,13:16:26,-07:00,2026-04-08T13:16:26-07:00,4,85
index.html,30,html,3037e6df,Arushi Patra,2026-04-02,17:17:01,-07:00,2026-04-02T17:17:01-07:00,2,2
index.html,31,html,b930c953,Arushi Patra,2026-04-02,17:59:19,-07:00,2026-04-02T17:59:19-07:00,0,0
index.html,32,html,b930c953,Arushi Patra,2026-04-02,17:59:19,-07:00,2026-04-02T17:59:19-07:00,2,2
index.html,33,html,53678e9b,Arushi Patra,2026-04-08,13:16:26,-07:00,2026-04-08T13:16:26-07:00,2,32
index.html,34,html,6fe79207,Arushi Patra,2026-04-17,10:57:40,-07:00,2026-04-17T10:57:40-07:00,2,26
index.html,35,html,7bceaabd,Arushi Patra,2026-04-23,16:13:45,-07:00,2026-04-23T16:13:45-07:00,2,14
index.html,36,html,7bceaabd,Arushi Patra,2026-04-23,16:13:45,-07:00,2026-04-23T16:13:45-07:00,0,0
index.html,37,html,7bceaabd,Arushi Patra,2026-04-23,16:13:45,-07:00,2026-04-23T16:13:45-07:00,2,22
index.html,38,html,7bceaabd,Arushi Patra,2026-04-23,16:13:45,-07:00,2026-04-23T16:13:45-07:00,2,26
index.html,39,html,7bceaabd,Arushi Patra,2026-04-23,16:13:45,-07:00,2026-04-23T16:13:45-07:00,0,0
index.html,40,html,8265c6cf,Arushi Patra,2026-04-23,18:49:57,-07:00,2026-04-23T18:49:57-07:00,2,19
index.html,41,html,339cb95e,Arushi Patra,2026-04-23,18:52:33,-07:00,2026-04-23T18:52:33-07:00,2,28
index.html,42,html,b6a40e95,Arushi Patra,2026-04-16,14:32:21,-07:00,2026-04-16T14:32:21-07:00,0,5
index.html,43,html,b6a40e95,Arushi Patra,2026-04-16,14:32:21,-07:00,2026-04-16T14:32:21-07:00,0,5
global.js,1,js,6694637c,Arushi Patra,2026-04-16,13:42:04,-07:00,2026-04-16T13:42:04-07:00,0,25
global.js,2,js,6694637c,Arushi Patra,2026-04-16,13:42:04,-07:00,2026-04-16T13:42:04-07:00,0,0
global.js,3,js,6694637c,Arushi Patra,2026-04-16,13:42:04,-07:00,2026-04-16T13:42:04-07:00,0,41
global.js,4,js,6694637c,Arushi Patra,2026-04-16,13:42:04,-07:00,2026-04-16T13:42:04-07:00,1,52
global.js,5,js,0a4765ff,Arushi Patra,2026-04-16,14:11:23,-07:00,2026-04-16T14:11:23-07:00,0,0
global.js,6,js,0a4765ff,Arushi Patra,2026-04-16,14:11:23,-07:00,2026-04-16T14:11:23-07:00,0,38
global.js,7,js,0a4765ff,Arushi Patra,2026-04-16,14:11:23,-07:00,2026-04-16T14:11:23-07:00,0,25
global.js,8,js,0a4765ff,Arushi Patra,2026-04-16,14:11:23,-07:00,2026-04-16T14:11:23-07:00,0,0
global.js,9,js,0a4765ff,Arushi Patra,2026-04-16,14:11:23,-07:00,2026-04-16T14:11:23-07:00,0,11
global.js,10,js,0a4765ff,Arushi Patra,2026-04-16,14:11:23,-07:00,2026-04-16T14:11:23-07:00,2,25
global.js,11,js,0a4765ff,Arushi Patra,2026-04-16,14:11:23,-07:00,2026-04-16T14:11:23-07:00,2,38
global.js,12,js,0a4765ff,Arushi Patra,2026-04-16,14:11:23,-07:00,2026-04-16T14:11:23-07:00,2,36
global.js,13,js,d7a94f89,Arushi Patra,2026-05-05,22:53:17,-07:00,2026-05-05T22:53:17-07:00,2,34
global.js,14,js,d7a94f89,Arushi Patra,2026-05-05,22:53:17,-07:00,2026-05-05T22:53:17-07:00,2,28
global.js,15,js,0a4765ff,Arushi Patra,2026-04-16,14:11:23,-07:00,2026-04-16T14:11:23-07:00,1,0
global.js,16,js,0a4765ff,Arushi Patra,2026-04-16,14:11:23,-07:00,2026-04-16T14:11:23-07:00,0,0
global.js,17,js,0a4765ff,Arushi Patra,2026-04-16,14:11:23,-07:00,2026-04-16T14:11:23-07:00,0,20
global.js,18,js,0a4765ff,Arushi Patra,2026-04-16,14:11:23,-07:00,2026-04-16T14:11:23-07:00,2,14
global.js,19,js,0a4765ff,Arushi Patra,2026-04-16,14:11:23,-07:00,2026-04-16T14:11:23-07:00,2,18
global.js,20,js,ad69bece,Arushi Patra,2026-04-16,14:31:44,-07:00,2026-04-16T14:31:44-07:00,1,0
global.js,21,js,ad69bece,Arushi Patra,2026-04-16,14:31:44,-07:00,2026-04-16T14:31:44-07:00,2,88
global.js,22,js,ad69bece,Arushi Patra,2026-04-16,14:31:44,-07:00,2026-04-16T14:31:44-07:00,3,3
global.js,23,js,30150f01,Arushi Patra,2026-04-17,09:35:59,-07:00,2026-04-17T09:35:59-07:00,3,14
global.js,24,js,ad69bece,Arushi Patra,2026-04-16,14:31:44,-07:00,2026-04-16T14:31:44-07:00,1,0
global.js,25,js,ad69bece,Arushi Patra,2026-04-16,14:31:44,-07:00,2026-04-16T14:31:44-07:00,2,28
global.js,26,js,ad69bece,Arushi Patra,2026-04-16,14:31:44,-07:00,2026-04-16T14:31:44-07:00,3,20
global.js,27,js,ad69bece,Arushi Patra,2026-04-16,14:31:44,-07:00,2026-04-16T14:31:44-07:00,2,0
global.js,28,js,ad69bece,Arushi Patra,2026-04-16,14:31:44,-07:00,2026-04-16T14:31:44-07:00,1,0
global.js,29,js,b1bac71d,Arushi Patra,2026-04-16,14:19:23,-07:00,2026-04-16T14:19:23-07:00,2,34
global.js,30,js,b1bac71d,Arushi Patra,2026-04-16,14:19:23,-07:00,2026-04-16T14:19:23-07:00,2,11
global.js,31,js,b1bac71d,Arushi Patra,2026-04-16,14:19:23,-07:00,2026-04-16T14:19:23-07:00,2,20
global.js,32,js,b1bac71d,Arushi Patra,2026-04-16,14:19:23,-07:00,2026-04-16T14:19:23-07:00,0,0
global.js,33,js,ad69bece,Arushi Patra,2026-04-16,14:31:44,-07:00,2026-04-16T14:31:44-07:00,2,17
global.js,34,js,ad69bece,Arushi Patra,2026-04-16,14:31:44,-07:00,2026-04-16T14:31:44-07:00,4,8
global.js,35,js,ad69bece,Arushi Patra,2026-04-16,14:31:44,-07:00,2026-04-16T14:31:44-07:00,4,58
global.js,36,js,ad69bece,Arushi Patra,2026-04-16,14:31:44,-07:00,2026-04-16T14:31:44-07:00,3,0
global.js,37,js,b1bac71d,Arushi Patra,2026-04-16,14:19:23,-07:00,2026-04-16T14:19:23-07:00,0,0
global.js,38,js,ad69bece,Arushi Patra,2026-04-16,14:31:44,-07:00,2026-04-16T14:31:44-07:00,2,29
global.js,39,js,ad69bece,Arushi Patra,2026-04-16,14:31:44,-07:00,2026-04-16T14:31:44-07:00,4,18
global.js,40,js,ad69bece,Arushi Patra,2026-04-16,14:31:44,-07:00,2026-04-16T14:31:44-07:00,2,0
global.js,41,js,ad69bece,Arushi Patra,2026-04-16,14:31:44,-07:00,2026-04-16T14:31:44-07:00,2,12
global.js,42,js,a167cedb,Arushi Patra,2026-04-17,16:27:33,-07:00,2026-04-17T16:27:33-07:00,1,0
global.js,43,js,a167cedb,Arushi Patra,2026-04-17,16:27:33,-07:00,2026-04-17T16:27:33-07:00,0,0
global.js,44,js,a167cedb,Arushi Patra,2026-04-17,16:27:33,-07:00,2026-04-17T16:27:33-07:00,0,31
global.js,45,js,a167cedb,Arushi Patra,2026-04-17,16:27:33,-07:00,2026-04-17T16:27:33-07:00,2,11
global.js,46,js,a167cedb,Arushi Patra,2026-04-17,16:27:33,-07:00,2026-04-17T16:27:33-07:00,2,0
global.js,47,js,a167cedb,Arushi Patra,2026-04-17,16:27:33,-07:00,2026-04-17T16:27:33-07:00,2,26
global.js,48,js,a167cedb,Arushi Patra,2026-04-17,16:27:33,-07:00,2026-04-17T16:27:33-07:00,3,4
global.js,49,js,a167cedb,Arushi Patra,2026-04-17,16:27:33,-07:00,2026-04-17T16:27:33-07:00,3,6
global.js,50,js,a167cedb,Arushi Patra,2026-04-17,16:27:33,-07:00,2026-04-17T16:27:33-07:00,4,43
global.js,51,js,a167cedb,Arushi Patra,2026-04-17,16:27:33,-07:00,2026-04-17T16:27:33-07:00,4,34
global.js,52,js,a167cedb,Arushi Patra,2026-04-17,16:27:33,-07:00,2026-04-17T16:27:33-07:00,4,32
global.js,53,js,a167cedb,Arushi Patra,2026-04-17,16:27:33,-07:00,2026-04-17T16:27:33-07:00,3,7
global.js,54,js,a167cedb,Arushi Patra,2026-04-17,16:27:33,-07:00,2026-04-17T16:27:33-07:00,2,8
global.js,55,js,a167cedb,Arushi Patra,2026-04-17,16:27:33,-07:00,2026-04-17T16:27:33-07:00,1,0
global.js,56,js,a167cedb,Arushi Patra,2026-04-17,16:27:33,-07:00,2026-04-17T16:27:33-07:00,0,0
global.js,57,js,a167cedb,Arushi Patra,2026-04-17,16:27:33,-07:00,2026-04-17T16:27:33-07:00,0,0
global.js,58,js,a167cedb,Arushi Patra,2026-04-17,16:27:33,-07:00,2026-04-17T16:27:33-07:00,0,46
global.js,59,js,a167cedb,Arushi Patra,2026-04-17,16:27:33,-07:00,2026-04-17T16:27:33-07:00,0,0
global.js,60,js,a167cedb,Arushi Patra,2026-04-17,16:27:33,-07:00,2026-04-17T16:27:33-07:00,0,33
global.js,61,js,a167cedb,Arushi Patra,2026-04-17,16:27:33,-07:00,2026-04-17T16:27:33-07:00,1,37
global.js,62,js,a167cedb,Arushi Patra,2026-04-17,16:27:33,-07:00,2026-04-17T16:27:33-07:00,1,64
global.js,63,js,a167cedb,Arushi Patra,2026-04-17,16:27:33,-07:00,2026-04-17T16:27:33-07:00,1,19
global.js,64,js,a167cedb,Arushi Patra,2026-04-17,16:27:33,-07:00,2026-04-17T16:27:33-07:00,0,0
global.js,65,js,a167cedb,Arushi Patra,2026-04-17,16:27:33,-07:00,2026-04-17T16:27:33-07:00,0,0
global.js,66,js,a167cedb,Arushi Patra,2026-04-17,16:27:33,-07:00,2026-04-17T16:27:33-07:00,0,49
global.js,67,js,a167cedb,Arushi Patra,2026-04-17,16:27:33,-07:00,2026-04-17T16:27:33-07:00,1,31
global.js,68,js,a167cedb,Arushi Patra,2026-04-17,16:27:33,-07:00,2026-04-17T16:27:33-07:00,1,57
global.js,69,js,a167cedb,Arushi Patra,2026-04-17,16:27:33,-07:00,2026-04-17T16:27:33-07:00,0,0
global.js,70,js,a167cedb,Arushi Patra,2026-04-17,16:27:33,-07:00,2026-04-17T16:27:33-07:00,1,19
global.js,71,js,a167cedb,Arushi Patra,2026-04-17,16:27:33,-07:00,2026-04-17T16:27:33-07:00,1,77
global.js,72,js,a167cedb,Arushi Patra,2026-04-17,16:27:33,-07:00,2026-04-17T16:27:33-07:00,1,31
global.js,73,js,a167cedb,Arushi Patra,2026-04-17,16:27:33,-07:00,2026-04-17T16:27:33-07:00,1,0
global.js,74,js,a167cedb,Arushi Patra,2026-04-17,16:27:33,-07:00,2026-04-17T16:27:33-07:00,0,0
global.js,75,js,a167cedb,Arushi Patra,2026-04-17,16:27:33,-07:00,2026-04-17T16:27:33-07:00,0,1
global.js,76,js,a167cedb,Arushi Patra,2026-04-17,16:27:33,-07:00,2026-04-17T16:27:33-07:00,0,0
global.js,77,js,c9ba5816,Arushi Patra,2026-04-17,16:43:03,-07:00,2026-04-17T16:43:03-07:00,0,0
global.js,78,js,c9ba5816,Arushi Patra,2026-04-17,16:43:03,-07:00,2026-04-17T16:43:03-07:00,0,42
global.js,79,js,c9ba5816,Arushi Patra,2026-04-17,16:43:03,-07:00,2026-04-17T16:43:03-07:00,0,0
global.js,80,js,c9ba5816,Arushi Patra,2026-04-17,16:43:03,-07:00,2026-04-17T16:43:03-07:00,0,43
global.js,81,js,c9ba5816,Arushi Patra,2026-04-17,16:43:03,-07:00,2026-04-17T16:43:03-07:00,1,21
global.js,82,js,c9ba5816,Arushi Patra,2026-04-17,16:43:03,-07:00,2026-04-17T16:43:03-07:00,0,0
global.js,83,js,c9ba5816,Arushi Patra,2026-04-17,16:43:03,-07:00,2026-04-17T16:43:03-07:00,1,30
global.js,84,js,c9ba5816,Arushi Patra,2026-04-17,16:43:03,-07:00,2026-04-17T16:43:03-07:00,0,0
global.js,85,js,c9ba5816,Arushi Patra,2026-04-17,16:43:03,-07:00,2026-04-17T16:43:03-07:00,1,26
global.js,86,js,c9ba5816,Arushi Patra,2026-04-17,16:43:03,-07:00,2026-04-17T16:43:03-07:00,1,14
global.js,87,js,c9ba5816,Arushi Patra,2026-04-17,16:43:03,-07:00,2026-04-17T16:43:03-07:00,0,0
global.js,88,js,c9ba5816,Arushi Patra,2026-04-17,16:43:03,-07:00,2026-04-17T16:43:03-07:00,1,31
global.js,89,js,c9ba5816,Arushi Patra,2026-04-17,16:43:03,-07:00,2026-04-17T16:43:03-07:00,2,50
global.js,90,js,c9ba5816,Arushi Patra,2026-04-17,16:43:03,-07:00,2026-04-17T16:43:03-07:00,1,0
global.js,91,js,c9ba5816,Arushi Patra,2026-04-17,16:43:03,-07:00,2026-04-17T16:43:03-07:00,0,0
global.js,92,js,c9ba5816,Arushi Patra,2026-04-17,16:43:03,-07:00,2026-04-17T16:43:03-07:00,1,22
global.js,93,js,c9ba5816,Arushi Patra,2026-04-17,16:43:03,-07:00,2026-04-17T16:43:03-07:00,0,0
global.js,94,js,c9ba5816,Arushi Patra,2026-04-17,16:43:03,-07:00,2026-04-17T16:43:03-07:00,1,18
global.js,95,js,c9ba5816,Arushi Patra,2026-04-17,16:43:03,-07:00,2026-04-17T16:43:03-07:00,0,1
global.js,96,js,c9ba5816,Arushi Patra,2026-04-17,16:43:03,-07:00,2026-04-17T16:43:03-07:00,0,0
global.js,97,js,88592706,Arushi Patra,2026-04-23,10:39:19,-07:00,2026-04-23T10:39:19-07:00,0,0
global.js,98,js,88592706,Arushi Patra,2026-04-23,10:39:19,-07:00,2026-04-23T10:39:19-07:00,0,36
global.js,99,js,88592706,Arushi Patra,2026-04-23,10:39:19,-07:00,2026-04-23T10:39:19-07:00,1,3
global.js,100,js,88592706,Arushi Patra,2026-04-23,10:39:19,-07:00,2026-04-23T10:39:19-07:00,2,39
global.js,101,js,88592706,Arushi Patra,2026-04-23,10:39:19,-07:00,2026-04-23T10:39:19-07:00,2,32
global.js,102,js,88592706,Arushi Patra,2026-04-23,10:39:19,-07:00,2026-04-23T10:39:19-07:00,2,17
global.js,103,js,88592706,Arushi Patra,2026-04-23,10:39:19,-07:00,2026-04-23T10:39:19-07:00,3,66
global.js,104,js,88592706,Arushi Patra,2026-04-23,10:39:19,-07:00,2026-04-23T10:39:19-07:00,2,0
global.js,105,js,e2fe13ad,Arushi Patra,2026-04-23,14:39:38,-07:00,2026-04-23T14:39:38-07:00,0,0
global.js,106,js,e2fe13ad,Arushi Patra,2026-04-23,14:39:38,-07:00,2026-04-23T14:39:38-07:00,2,33
global.js,107,js,e2fe13ad,Arushi Patra,2026-04-23,14:39:38,-07:00,2026-04-23T14:39:38-07:00,2,10
global.js,108,js,bde7e63d,Arushi Patra,2026-04-23,14:43:08,-07:00,2026-04-23T14:43:08-07:00,0,0
global.js,109,js,88592706,Arushi Patra,2026-04-23,10:39:19,-07:00,2026-04-23T10:39:19-07:00,1,15
global.js,110,js,88592706,Arushi Patra,2026-04-23,10:39:19,-07:00,2026-04-23T10:39:19-07:00,2,59
global.js,111,js,88592706,Arushi Patra,2026-04-23,10:39:19,-07:00,2026-04-23T10:39:19-07:00,1,0
global.js,112,js,88592706,Arushi Patra,2026-04-23,10:39:19,-07:00,2026-04-23T10:39:19-07:00,0,0
global.js,113,js,88592706,Arushi Patra,2026-04-23,10:39:19,-07:00,2026-04-23T10:39:19-07:00,0,0
global.js,114,js,89f94ede,Arushi Patra,2026-04-23,15:06:17,-07:00,2026-04-23T15:06:17-07:00,0,0
global.js,115,js,44d0e3fb,Arushi Patra,2026-04-23,15:18:58,-07:00,2026-04-23T15:18:58-07:00,0,79
global.js,116,js,89f94ede,Arushi Patra,2026-04-23,15:06:17,-07:00,2026-04-23T15:06:17-07:00,1,30
global.js,117,js,89f94ede,Arushi Patra,2026-04-23,15:06:17,-07:00,2026-04-23T15:06:17-07:00,0,0
global.js,118,js,89f94ede,Arushi Patra,2026-04-23,15:06:17,-07:00,2026-04-23T15:06:17-07:00,1,27
global.js,119,js,89f94ede,Arushi Patra,2026-04-23,15:06:17,-07:00,2026-04-23T15:06:17-07:00,2,48
global.js,120,js,89f94ede,Arushi Patra,2026-04-23,15:06:17,-07:00,2026-04-23T15:06:17-07:00,0,0
global.js,121,js,89f94ede,Arushi Patra,2026-04-23,15:06:17,-07:00,2026-04-23T15:06:17-07:00,2,19
global.js,122,js,44d0e3fb,Arushi Patra,2026-04-23,15:18:58,-07:00,2026-04-23T15:18:58-07:00,2,49
global.js,123,js,89f94ede,Arushi Patra,2026-04-23,15:06:17,-07:00,2026-04-23T15:06:17-07:00,2,49
global.js,124,js,1408a97c,Arushi Patra,2026-04-30,15:03:41,-07:00,2026-04-30T15:03:41-07:00,2,27
global.js,125,js,1408a97c,Arushi Patra,2026-04-30,15:03:41,-07:00,2026-04-30T15:03:41-07:00,8,27
global.js,126,js,1408a97c,Arushi Patra,2026-04-30,15:03:41,-07:00,2026-04-30T15:03:41-07:00,8,23
global.js,127,js,1408a97c,Arushi Patra,2026-04-30,15:03:41,-07:00,2026-04-30T15:03:41-07:00,2,4
global.js,128,js,1408a97c,Arushi Patra,2026-04-30,15:03:41,-07:00,2026-04-30T15:03:41-07:00,2,0
global.js,129,js,89f94ede,Arushi Patra,2026-04-23,15:06:17,-07:00,2026-04-23T15:06:17-07:00,1,1
global.js,130,js,89f94ede,Arushi Patra,2026-04-23,15:06:17,-07:00,2026-04-23T15:06:17-07:00,0,0
global.js,131,js,d0f422d3,Arushi Patra,2026-04-23,15:13:13,-07:00,2026-04-23T15:13:13-07:00,1,36
global.js,132,js,89f94ede,Arushi Patra,2026-04-23,15:06:17,-07:00,2026-04-23T15:06:17-07:00,0,0
global.js,133,js,89f94ede,Arushi Patra,2026-04-23,15:06:17,-07:00,2026-04-23T15:06:17-07:00,1,0
global.js,134,js,8e773669,Arushi Patra,2026-04-30,20:49:08,-07:00,2026-04-30T20:49:08-07:00,0,0
global.js,135,js,89f94ede,Arushi Patra,2026-04-23,15:06:17,-07:00,2026-04-23T15:06:17-07:00,0,0
global.js,136,js,c1e8f0ec,Arushi Patra,2026-04-23,15:55:00,-07:00,2026-04-23T15:55:00-07:00,0,0
global.js,137,js,c1e8f0ec,Arushi Patra,2026-04-23,15:55:00,-07:00,2026-04-23T15:55:00-07:00,0,0
global.js,138,js,c1e8f0ec,Arushi Patra,2026-04-23,15:55:00,-07:00,2026-04-23T15:55:00-07:00,0,47
global.js,139,js,c1e8f0ec,Arushi Patra,2026-04-23,15:55:00,-07:00,2026-04-23T15:55:00-07:00,1,59
global.js,140,js,c44e3224,Arushi Patra,2026-04-23,15:56:23,-07:00,2026-04-23T15:56:23-07:00,1,0
global.js,141,js,e2f6f152,Arushi Patra,2026-04-30,20:32:41,-07:00,2026-04-30T20:32:41-07:00,0,0
global.js,142,js,e2f6f152,Arushi Patra,2026-04-30,20:32:41,-07:00,2026-04-30T20:32:41-07:00,0,0
resume/index.html,1,html,c338657e,Arushi Patra,2026-04-02,22:41:23,-07:00,2026-04-02T22:41:23-07:00,0,13
resume/index.html,2,html,c338657e,Arushi Patra,2026-04-02,22:41:23,-07:00,2026-04-02T22:41:23-07:00,0,14
resume/index.html,3,html,c338657e,Arushi Patra,2026-04-02,22:41:23,-07:00,2026-04-02T22:41:23-07:00,0,4
resume/index.html,4,html,c338657e,Arushi Patra,2026-04-02,22:41:23,-07:00,2026-04-02T22:41:23-07:00,2,20
resume/index.html,5,html,c338657e,Arushi Patra,2026-04-02,22:41:23,-07:00,2026-04-02T22:41:23-07:00,2,68
resume/index.html,6,html,c338657e,Arushi Patra,2026-04-02,22:41:23,-07:00,2026-04-02T22:41:23-07:00,2,34
resume/index.html,7,html,c338657e,Arushi Patra,2026-04-02,22:41:23,-07:00,2026-04-02T22:41:23-07:00,2,41
resume/index.html,8,html,d950f6a9,Arushi Patra,2026-04-16,13:31:21,-07:00,2026-04-16T13:31:21-07:00,2,48
resume/index.html,9,html,c338657e,Arushi Patra,2026-04-02,22:41:23,-07:00,2026-04-02T22:41:23-07:00,0,5
resume/index.html,10,html,489ea8f5,Arushi Patra,2026-04-09,19:23:54,-07:00,2026-04-09T19:23:54-07:00,0,19
resume/index.html,11,html,0a4765ff,Arushi Patra,2026-04-16,14:11:23,-07:00,2026-04-16T14:11:23-07:00,2,8
resume/index.html,12,html,ce7a4490,Arushi Patra,2026-04-09,18:16:28,-07:00,2026-04-09T18:16:28-07:00,4,30
resume/index.html,13,html,ce7a4490,Arushi Patra,2026-04-09,18:16:28,-07:00,2026-04-09T18:16:28-07:00,4,33
resume/index.html,14,html,ce7a4490,Arushi Patra,2026-04-09,18:16:28,-07:00,2026-04-09T18:16:28-07:00,4,31
resume/index.html,15,html,ce7a4490,Arushi Patra,2026-04-09,18:16:28,-07:00,2026-04-09T18:16:28-07:00,4,29
resume/index.html,16,html,c338657e,Arushi Patra,2026-04-02,22:41:23,-07:00,2026-04-02T22:41:23-07:00,4,65
resume/index.html,17,html,0a4765ff,Arushi Patra,2026-04-16,14:11:23,-07:00,2026-04-16T14:11:23-07:00,2,8
resume/index.html,18,html,c338657e,Arushi Patra,2026-04-02,22:41:23,-07:00,2026-04-02T22:41:23-07:00,0,0
resume/index.html,19,html,59836d54,Arushi Patra,2026-04-02,22:51:54,-07:00,2026-04-02T22:51:54-07:00,2,19
resume/index.html,20,html,59836d54,Arushi Patra,2026-04-02,22:51:54,-07:00,2026-04-02T22:51:54-07:00,2,1
resume/index.html,21,html,59836d54,Arushi Patra,2026-04-02,22:51:54,-07:00,2026-04-02T22:51:54-07:00,4,12
resume/index.html,22,html,59836d54,Arushi Patra,2026-04-02,22:51:54,-07:00,2026-04-02T22:51:54-07:00,4,52
resume/index.html,23,html,59836d54,Arushi Patra,2026-04-02,22:51:54,-07:00,2026-04-02T22:51:54-07:00,4,95
resume/index.html,24,html,59836d54,Arushi Patra,2026-04-02,22:51:54,-07:00,2026-04-02T22:51:54-07:00,4,75
resume/index.html,25,html,59836d54,Arushi Patra,2026-04-02,22:51:54,-07:00,2026-04-02T22:51:54-07:00,2,2
resume/index.html,26,html,c338657e,Arushi Patra,2026-04-02,22:41:23,-07:00,2026-04-02T22:41:23-07:00,0,0
resume/index.html,27,html,c338657e,Arushi Patra,2026-04-02,22:41:23,-07:00,2026-04-02T22:41:23-07:00,2,7
resume/index.html,28,html,c338657e,Arushi Patra,2026-04-02,22:41:23,-07:00,2026-04-02T22:41:23-07:00,4,16
resume/index.html,29,html,c338657e,Arushi Patra,2026-04-02,22:41:23,-07:00,2026-04-02T22:41:23-07:00,4,2
resume/index.html,30,html,c338657e,Arushi Patra,2026-04-02,22:41:23,-07:00,2026-04-02T22:41:23-07:00,4,42
resume/index.html,31,html,59836d54,Arushi Patra,2026-04-02,22:51:54,-07:00,2026-04-02T22:51:54-07:00,4,60
resume/index.html,32,html,c338657e,Arushi Patra,2026-04-02,22:41:23,-07:00,2026-04-02T22:41:23-07:00,2,8
resume/index.html,33,html,c338657e,Arushi Patra,2026-04-02,22:41:23,-07:00,2026-04-02T22:41:23-07:00,0,0
resume/index.html,34,html,c338657e,Arushi Patra,2026-04-02,22:41:23,-07:00,2026-04-02T22:41:23-07:00,2,7
resume/index.html,35,html,59836d54,Arushi Patra,2026-04-02,22:51:54,-07:00,2026-04-02T22:51:54-07:00,4,23
resume/index.html,36,html,c338657e,Arushi Patra,2026-04-02,22:41:23,-07:00,2026-04-02T22:41:23-07:00,4,2
resume/index.html,37,html,59836d54,Arushi Patra,2026-04-02,22:51:54,-07:00,2026-04-02T22:51:54-07:00,4,62
resume/index.html,38,html,59836d54,Arushi Patra,2026-04-02,22:51:54,-07:00,2026-04-02T22:51:54-07:00,4,72
resume/index.html,39,html,59836d54,Arushi Patra,2026-04-02,22:51:54,-07:00,2026-04-02T22:51:54-07:00,4,68
resume/index.html,40,html,59836d54,Arushi Patra,2026-04-02,22:51:54,-07:00,2026-04-02T22:51:54-07:00,2,8
resume/index.html,41,html,59836d54,Arushi Patra,2026-04-02,22:51:54,-07:00,2026-04-02T22:51:54-07:00,0,0
resume/index.html,42,html,59836d54,Arushi Patra,2026-04-02,22:51:54,-07:00,2026-04-02T22:51:54-07:00,2,7
resume/index.html,43,html,59836d54,Arushi Patra,2026-04-02,22:51:54,-07:00,2026-04-02T22:51:54-07:00,4,15
resume/index.html,44,html,59836d54,Arushi Patra,2026-04-02,22:51:54,-07:00,2026-04-02T22:51:54-07:00,4,2
resume/index.html,45,html,59836d54,Arushi Patra,2026-04-02,22:51:54,-07:00,2026-04-02T22:51:54-07:00,4,46
resume/index.html,46,html,59836d54,Arushi Patra,2026-04-02,22:51:54,-07:00,2026-04-02T22:51:54-07:00,4,2
resume/index.html,47,html,59836d54,Arushi Patra,2026-04-02,22:51:54,-07:00,2026-04-02T22:51:54-07:00,6,120
resume/index.html,48,html,59836d54,Arushi Patra,2026-04-02,22:51:54,-07:00,2026-04-02T22:51:54-07:00,6,118
resume/index.html,49,html,59836d54,Arushi Patra,2026-04-02,22:51:54,-07:00,2026-04-02T22:51:54-07:00,4,3
resume/index.html,50,html,59836d54,Arushi Patra,2026-04-02,22:51:54,-07:00,2026-04-02T22:51:54-07:00,0,0
resume/index.html,51,html,59836d54,Arushi Patra,2026-04-02,22:51:54,-07:00,2026-04-02T22:51:54-07:00,4,70
resume/index.html,52,html,c338657e,Arushi Patra,2026-04-02,22:41:23,-07:00,2026-04-02T22:41:23-07:00,4,2
resume/index.html,53,html,59836d54,Arushi Patra,2026-04-02,22:51:54,-07:00,2026-04-02T22:51:54-07:00,6,95
resume/index.html,54,html,59836d54,Arushi Patra,2026-04-02,22:51:54,-07:00,2026-04-02T22:51:54-07:00,6,84
resume/index.html,55,html,c338657e,Arushi Patra,2026-04-02,22:41:23,-07:00,2026-04-02T22:41:23-07:00,4,3
resume/index.html,56,html,c338657e,Arushi Patra,2026-04-02,22:41:23,-07:00,2026-04-02T22:41:23-07:00,2,8
resume/index.html,57,html,c338657e,Arushi Patra,2026-04-02,22:41:23,-07:00,2026-04-02T22:41:23-07:00,0,0
resume/index.html,58,html,c338657e,Arushi Patra,2026-04-02,22:41:23,-07:00,2026-04-02T22:41:23-07:00,2,7
resume/index.html,59,html,59836d54,Arushi Patra,2026-04-02,22:51:54,-07:00,2026-04-02T22:51:54-07:00,4,17
resume/index.html,60,html,c338657e,Arushi Patra,2026-04-02,22:41:23,-07:00,2026-04-02T22:41:23-07:00,4,2
resume/index.html,61,html,59836d54,Arushi Patra,2026-04-02,22:51:54,-07:00,2026-04-02T22:51:54-07:00,4,62
resume/index.html,62,html,59836d54,Arushi Patra,2026-04-02,22:51:54,-07:00,2026-04-02T22:51:54-07:00,4,23
resume/index.html,63,html,59836d54,Arushi Patra,2026-04-02,22:51:54,-07:00,2026-04-02T22:51:54-07:00,4,2
resume/index.html,64,html,59836d54,Arushi Patra,2026-04-02,22:51:54,-07:00,2026-04-02T22:51:54-07:00,6,101
resume/index.html,65,html,59836d54,Arushi Patra,2026-04-02,22:51:54,-07:00,2026-04-02T22:51:54-07:00,6,86
resume/index.html,66,html,59836d54,Arushi Patra,2026-04-02,22:51:54,-07:00,2026-04-02T22:51:54-07:00,4,3
resume/index.html,67,html,59836d54,Arushi Patra,2026-04-02,22:51:54,-07:00,2026-04-02T22:51:54-07:00,0,0
resume/index.html,68,html,59836d54,Arushi Patra,2026-04-02,22:51:54,-07:00,2026-04-02T22:51:54-07:00,4,25
resume/index.html,69,html,59836d54,Arushi Patra,2026-04-02,22:51:54,-07:00,2026-04-02T22:51:54-07:00,4,23
resume/index.html,70,html,59836d54,Arushi Patra,2026-04-02,22:51:54,-07:00,2026-04-02T22:51:54-07:00,4,2
resume/index.html,71,html,59836d54,Arushi Patra,2026-04-02,22:51:54,-07:00,2026-04-02T22:51:54-07:00,6,106
resume/index.html,72,html,59836d54,Arushi Patra,2026-04-02,22:51:54,-07:00,2026-04-02T22:51:54-07:00,4,3
resume/index.html,73,html,c338657e,Arushi Patra,2026-04-02,22:41:23,-07:00,2026-04-02T22:41:23-07:00,2,8
resume/index.html,74,html,c338657e,Arushi Patra,2026-04-02,22:41:23,-07:00,2026-04-02T22:41:23-07:00,0,0
resume/index.html,75,html,c338657e,Arushi Patra,2026-04-02,22:41:23,-07:00,2026-04-02T22:41:23-07:00,2,7
resume/index.html,76,html,59836d54,Arushi Patra,2026-04-02,22:51:54,-07:00,2026-04-02T22:51:54-07:00,4,17
resume/index.html,77,html,c338657e,Arushi Patra,2026-04-02,22:41:23,-07:00,2026-04-02T22:41:23-07:00,4,2
resume/index.html,78,html,59836d54,Arushi Patra,2026-04-02,22:51:54,-07:00,2026-04-02T22:51:54-07:00,4,41
resume/index.html,79,html,59836d54,Arushi Patra,2026-04-02,22:51:54,-07:00,2026-04-02T22:51:54-07:00,4,23
resume/index.html,80,html,59836d54,Arushi Patra,2026-04-02,22:51:54,-07:00,2026-04-02T22:51:54-07:00,0,0
resume/index.html,81,html,59836d54,Arushi Patra,2026-04-02,22:51:54,-07:00,2026-04-02T22:51:54-07:00,4,40
resume/index.html,82,html,59836d54,Arushi Patra,2026-04-02,22:51:54,-07:00,2026-04-02T22:51:54-07:00,4,23
resume/index.html,83,html,c338657e,Arushi Patra,2026-04-02,22:41:23,-07:00,2026-04-02T22:41:23-07:00,4,2
resume/index.html,84,html,521fccee,Arushi Patra,2026-04-16,14:32:28,-07:00,2026-04-16T14:32:28-07:00,6,85
resume/index.html,85,html,521fccee,Arushi Patra,2026-04-16,14:32:28,-07:00,2026-04-16T14:32:28-07:00,4,3
resume/index.html,86,html,521fccee,Arushi Patra,2026-04-16,14:32:28,-07:00,2026-04-16T14:32:28-07:00,2,8
resume/index.html,87,html,521fccee,Arushi Patra,2026-04-16,14:32:28,-07:00,2026-04-16T14:32:28-07:00,0,0
resume/index.html,88,html,521fccee,Arushi Patra,2026-04-16,14:32:28,-07:00,2026-04-16T14:32:28-07:00,0,5
resume/index.html,89,html,521fccee,Arushi Patra,2026-04-16,14:32:28,-07:00,2026-04-16T14:32:28-07:00,0,5
projects/projects.js,1,js,ef51f2bd,Arushi Patra,2026-04-23,15:00:42,-07:00,2026-04-23T15:00:42-07:00,0,55
projects/projects.js,2,js,2872dc18,Arushi Patra,2026-04-30,21:20:30,-07:00,2026-04-30T21:20:30-07:00,0,63
projects/projects.js,3,js,ef51f2bd,Arushi Patra,2026-04-23,15:00:42,-07:00,2026-04-23T15:00:42-07:00,0,0
projects/projects.js,4,js,ef51f2bd,Arushi Patra,2026-04-23,15:00:42,-07:00,2026-04-23T15:00:42-07:00,0,55
projects/projects.js,5,js,ef51f2bd,Arushi Patra,2026-04-23,15:00:42,-07:00,2026-04-23T15:00:42-07:00,0,0
projects/projects.js,6,js,0d9968b0,Arushi Patra,2026-04-23,15:25:07,-07:00,2026-04-23T15:25:07-07:00,0,61
projects/projects.js,7,js,0d9968b0,Arushi Patra,2026-04-23,15:25:07,-07:00,2026-04-23T15:25:07-07:00,0,17
projects/projects.js,8,js,8e773669,Arushi Patra,2026-04-30,20:49:08,-07:00,2026-04-30T20:49:08-07:00,1,55
projects/projects.js,9,js,0d9968b0,Arushi Patra,2026-04-23,15:25:07,-07:00,2026-04-23T15:25:07-07:00,0,0
projects/projects.js,10,js,0d9968b0,Arushi Patra,2026-04-23,15:25:07,-07:00,2026-04-23T15:25:07-07:00,0,0
projects/projects.js,11,js,ef51f2bd,Arushi Patra,2026-04-23,15:00:42,-07:00,2026-04-23T15:00:42-07:00,0,60
projects/projects.js,12,js,ef51f2bd,Arushi Patra,2026-04-23,15:00:42,-07:00,2026-04-23T15:00:42-07:00,0,48
projects/projects.js,13,js,ef51f2bd,Arushi Patra,2026-04-23,15:00:42,-07:00,2026-04-23T15:00:42-07:00,0,0
projects/projects.js,14,js,2872dc18,Arushi Patra,2026-04-30,21:20:30,-07:00,2026-04-30T21:20:30-07:00,0,57
projects/projects.js,15,js,a61c5cb6,Arushi Patra,2026-04-30,21:38:35,-07:00,2026-04-30T21:38:35-07:00,0,47
projects/projects.js,16,js,baf19572,Arushi Patra,2026-04-30,22:37:01,-07:00,2026-04-30T22:37:01-07:00,0,21
projects/projects.js,17,js,baf19572,Arushi Patra,2026-04-30,22:37:01,-07:00,2026-04-30T22:37:01-07:00,0,0
projects/projects.js,18,js,311707c5,Arushi Patra,2026-04-30,22:23:36,-07:00,2026-04-30T22:23:36-07:00,0,38
projects/projects.js,19,js,311707c5,Arushi Patra,2026-04-30,22:23:36,-07:00,2026-04-30T22:23:36-07:00,1,57
projects/projects.js,20,js,311707c5,Arushi Patra,2026-04-30,22:23:36,-07:00,2026-04-30T22:23:36-07:00,1,44
projects/projects.js,21,js,6106bec2,Arushi Patra,2026-04-30,22:18:23,-07:00,2026-04-30T22:18:23-07:00,0,0
projects/projects.js,22,js,f19e7518,Arushi Patra,2026-04-30,22:55:55,-07:00,2026-04-30T22:55:55-07:00,1,73
projects/projects.js,23,js,f19e7518,Arushi Patra,2026-04-30,22:55:55,-07:00,2026-04-30T22:55:55-07:00,1,76
projects/projects.js,24,js,311707c5,Arushi Patra,2026-04-30,22:23:36,-07:00,2026-04-30T22:23:36-07:00,0,0
projects/projects.js,25,js,311707c5,Arushi Patra,2026-04-30,22:23:36,-07:00,2026-04-30T22:23:36-07:00,1,50
projects/projects.js,26,js,311707c5,Arushi Patra,2026-04-30,22:23:36,-07:00,2026-04-30T22:23:36-07:00,1,33
projects/projects.js,27,js,311707c5,Arushi Patra,2026-04-30,22:23:36,-07:00,2026-04-30T22:23:36-07:00,1,45
projects/projects.js,28,js,311707c5,Arushi Patra,2026-04-30,22:23:36,-07:00,2026-04-30T22:23:36-07:00,0,0
projects/projects.js,29,js,f19e7518,Arushi Patra,2026-04-30,22:55:55,-07:00,2026-04-30T22:55:55-07:00,1,40
projects/projects.js,30,js,f19e7518,Arushi Patra,2026-04-30,22:55:55,-07:00,2026-04-30T22:55:55-07:00,1,59
projects/projects.js,31,js,baf19572,Arushi Patra,2026-04-30,22:37:01,-07:00,2026-04-30T22:37:01-07:00,0,0
projects/projects.js,32,js,311707c5,Arushi Patra,2026-04-30,22:23:36,-07:00,2026-04-30T22:23:36-07:00,1,26
projects/projects.js,33,js,baf19572,Arushi Patra,2026-04-30,22:37:01,-07:00,2026-04-30T22:37:01-07:00,2,1
projects/projects.js,34,js,311707c5,Arushi Patra,2026-04-30,22:23:36,-07:00,2026-04-30T22:23:36-07:00,3,13
projects/projects.js,35,js,311707c5,Arushi Patra,2026-04-30,22:23:36,-07:00,2026-04-30T22:23:36-07:00,3,13
projects/projects.js,36,js,baf19572,Arushi Patra,2026-04-30,22:37:01,-07:00,2026-04-30T22:37:01-07:00,3,24
projects/projects.js,37,js,baf19572,Arushi Patra,2026-04-30,22:37:01,-07:00,2026-04-30T22:37:01-07:00,3,18
projects/projects.js,38,js,f19e7518,Arushi Patra,2026-04-30,22:55:55,-07:00,2026-04-30T22:55:55-07:00,4,61
projects/projects.js,39,js,f19e7518,Arushi Patra,2026-04-30,22:55:55,-07:00,2026-04-30T22:55:55-07:00,0,0
projects/projects.js,40,js,f19e7518,Arushi Patra,2026-04-30,22:55:55,-07:00,2026-04-30T22:55:55-07:00,4,19
projects/projects.js,41,js,f19e7518,Arushi Patra,2026-04-30,22:55:55,-07:00,2026-04-30T22:55:55-07:00,5,62
projects/projects.js,42,js,f19e7518,Arushi Patra,2026-04-30,22:55:55,-07:00,2026-04-30T22:55:55-07:00,0,0
projects/projects.js,43,js,f19e7518,Arushi Patra,2026-04-30,22:55:55,-07:00,2026-04-30T22:55:55-07:00,4,20
projects/projects.js,44,js,f19e7518,Arushi Patra,2026-04-30,22:55:55,-07:00,2026-04-30T22:55:55-07:00,5,85
projects/projects.js,45,js,f19e7518,Arushi Patra,2026-04-30,22:55:55,-07:00,2026-04-30T22:55:55-07:00,0,0
projects/projects.js,46,js,f19e7518,Arushi Patra,2026-04-30,22:55:55,-07:00,2026-04-30T22:55:55-07:00,4,25
projects/projects.js,47,js,f19e7518,Arushi Patra,2026-04-30,22:55:55,-07:00,2026-04-30T22:55:55-07:00,5,48
projects/projects.js,48,js,f19e7518,Arushi Patra,2026-04-30,22:55:55,-07:00,2026-04-30T22:55:55-07:00,4,6
projects/projects.js,49,js,f19e7518,Arushi Patra,2026-04-30,22:55:55,-07:00,2026-04-30T22:55:55-07:00,5,43
projects/projects.js,50,js,f19e7518,Arushi Patra,2026-04-30,22:55:55,-07:00,2026-04-30T22:55:55-07:00,5,69
projects/projects.js,51,js,f19e7518,Arushi Patra,2026-04-30,22:55:55,-07:00,2026-04-30T22:55:55-07:00,5,56
projects/projects.js,52,js,f19e7518,Arushi Patra,2026-04-30,22:55:55,-07:00,2026-04-30T22:55:55-07:00,4,0
projects/projects.js,53,js,baf19572,Arushi Patra,2026-04-30,22:37:01,-07:00,2026-04-30T22:37:01-07:00,3,1
projects/projects.js,54,js,f19e7518,Arushi Patra,2026-04-30,22:55:55,-07:00,2026-04-30T22:55:55-07:00,1,1
projects/projects.js,55,js,6106bec2,Arushi Patra,2026-04-30,22:18:23,-07:00,2026-04-30T22:18:23-07:00,0,0
projects/projects.js,56,js,311707c5,Arushi Patra,2026-04-30,22:23:36,-07:00,2026-04-30T22:23:36-07:00,1,24
projects/projects.js,57,js,311707c5,Arushi Patra,2026-04-30,22:23:36,-07:00,2026-04-30T22:23:36-07:00,2,4
projects/projects.js,58,js,311707c5,Arushi Patra,2026-04-30,22:23:36,-07:00,2026-04-30T22:23:36-07:00,3,11
projects/projects.js,59,js,311707c5,Arushi Patra,2026-04-30,22:23:36,-07:00,2026-04-30T22:23:36-07:00,3,38
projects/projects.js,60,js,311707c5,Arushi Patra,2026-04-30,22:23:36,-07:00,2026-04-30T22:23:36-07:00,3,27
projects/projects.js,61,js,311707c5,Arushi Patra,2026-04-30,22:23:36,-07:00,2026-04-30T22:23:36-07:00,3,69
projects/projects.js,62,js,311707c5,Arushi Patra,2026-04-30,22:23:36,-07:00,2026-04-30T22:23:36-07:00,1,1
projects/projects.js,63,js,311707c5,Arushi Patra,2026-04-30,22:23:36,-07:00,2026-04-30T22:23:36-07:00,0,0
projects/projects.js,64,js,311707c5,Arushi Patra,2026-04-30,22:23:36,-07:00,2026-04-30T22:23:36-07:00,0,0
projects/projects.js,65,js,311707c5,Arushi Patra,2026-04-30,22:23:36,-07:00,2026-04-30T22:23:36-07:00,0,23
projects/projects.js,66,js,311707c5,Arushi Patra,2026-04-30,22:23:36,-07:00,2026-04-30T22:23:36-07:00,0,0
projects/projects.js,67,js,311707c5,Arushi Patra,2026-04-30,22:23:36,-07:00,2026-04-30T22:23:36-07:00,0,13
projects/projects.js,68,js,6106bec2,Arushi Patra,2026-04-30,22:18:23,-07:00,2026-04-30T22:18:23-07:00,0,53
projects/projects.js,69,js,6106bec2,Arushi Patra,2026-04-30,22:18:23,-07:00,2026-04-30T22:18:23-07:00,0,0
projects/projects.js,70,js,befdb913,Arushi Patra,2026-04-30,22:21:21,-07:00,2026-04-30T22:21:21-07:00,0,48
projects/projects.js,71,js,6106bec2,Arushi Patra,2026-04-30,22:18:23,-07:00,2026-04-30T22:18:23-07:00,1,25
projects/projects.js,72,js,6106bec2,Arushi Patra,2026-04-30,22:18:23,-07:00,2026-04-30T22:18:23-07:00,0,0
projects/projects.js,73,js,6106bec2,Arushi Patra,2026-04-30,22:18:23,-07:00,2026-04-30T22:18:23-07:00,1,51
projects/projects.js,74,js,6106bec2,Arushi Patra,2026-04-30,22:18:23,-07:00,2026-04-30T22:18:23-07:00,2,59
projects/projects.js,75,js,6106bec2,Arushi Patra,2026-04-30,22:18:23,-07:00,2026-04-30T22:18:23-07:00,2,42
projects/projects.js,76,js,6106bec2,Arushi Patra,2026-04-30,22:18:23,-07:00,2026-04-30T22:18:23-07:00,1,1
projects/projects.js,77,js,6106bec2,Arushi Patra,2026-04-30,22:18:23,-07:00,2026-04-30T22:18:23-07:00,0,0
projects/projects.js,78,js,6106bec2,Arushi Patra,2026-04-30,22:18:23,-07:00,2026-04-30T22:18:23-07:00,1,56
projects/projects.js,79,js,f19e7518,Arushi Patra,2026-04-30,22:55:55,-07:00,2026-04-30T22:55:55-07:00,1,31
projects/projects.js,80,js,a61c5cb6,Arushi Patra,2026-04-30,21:38:35,-07:00,2026-04-30T21:38:35-07:00,0,1
projects/index.html,1,html,c02ea2cb,Arushi Patra,2026-04-02,18:37:05,-07:00,2026-04-02T18:37:05-07:00,0,13
projects/index.html,2,html,c02ea2cb,Arushi Patra,2026-04-02,18:37:05,-07:00,2026-04-02T18:37:05-07:00,0,14
projects/index.html,3,html,c02ea2cb,Arushi Patra,2026-04-02,18:37:05,-07:00,2026-04-02T18:37:05-07:00,0,4
projects/index.html,4,html,c02ea2cb,Arushi Patra,2026-04-02,18:37:05,-07:00,2026-04-02T18:37:05-07:00,2,20
projects/index.html,5,html,c02ea2cb,Arushi Patra,2026-04-02,18:37:05,-07:00,2026-04-02T18:37:05-07:00,2,68
projects/index.html,6,html,c02ea2cb,Arushi Patra,2026-04-02,18:37:05,-07:00,2026-04-02T18:37:05-07:00,2,21
projects/index.html,7,html,9d824c68,Arushi Patra,2026-04-02,22:07:20,-07:00,2026-04-02T22:07:20-07:00,2,41
projects/index.html,8,html,d950f6a9,Arushi Patra,2026-04-16,13:31:21,-07:00,2026-04-16T13:31:21-07:00,2,48
projects/index.html,9,html,da8a0029,Arushi Patra,2026-04-30,21:14:28,-07:00,2026-04-30T21:14:28-07:00,2,47
projects/index.html,10,html,c02ea2cb,Arushi Patra,2026-04-02,18:37:05,-07:00,2026-04-02T18:37:05-07:00,0,5
projects/index.html,11,html,0008e40b,Arushi Patra,2026-04-02,18:52:55,-07:00,2026-04-02T18:52:55-07:00,0,4
projects/index.html,12,html,0a4765ff,Arushi Patra,2026-04-16,14:11:23,-07:00,2026-04-16T14:11:23-07:00,2,8
projects/index.html,13,html,ce7a4490,Arushi Patra,2026-04-09,18:16:28,-07:00,2026-04-09T18:16:28-07:00,4,30
projects/index.html,14,html,ce7a4490,Arushi Patra,2026-04-09,18:16:28,-07:00,2026-04-09T18:16:28-07:00,4,33
projects/index.html,15,html,ce7a4490,Arushi Patra,2026-04-09,18:16:28,-07:00,2026-04-09T18:16:28-07:00,4,31
projects/index.html,16,html,ce7a4490,Arushi Patra,2026-04-09,18:16:28,-07:00,2026-04-09T18:16:28-07:00,4,29
projects/index.html,17,html,167a04f5,Arushi Patra,2026-04-02,21:53:56,-07:00,2026-04-02T21:53:56-07:00,4,65
projects/index.html,18,html,0a4765ff,Arushi Patra,2026-04-16,14:11:23,-07:00,2026-04-16T14:11:23-07:00,2,8
projects/index.html,19,html,9d824c68,Arushi Patra,2026-04-02,22:07:20,-07:00,2026-04-02T22:07:20-07:00,0,0
projects/index.html,20,html,f20f91a7,Arushi Patra,2026-04-30,20:28:52,-07:00,2026-04-30T20:28:52-07:00,2,38
projects/index.html,21,html,deb6b953,Arushi Patra,2026-04-30,20:57:08,-07:00,2026-04-30T20:57:08-07:00,0,0
projects/index.html,22,html,1e05c722,Arushi Patra,2026-04-30,21:57:14,-07:00,2026-04-30T21:57:14-07:00,2,21
projects/index.html,23,html,afc14261,Arushi Patra,2026-04-30,21:29:23,-07:00,2026-04-30T21:29:23-07:00,2,52
projects/index.html,24,html,afc14261,Arushi Patra,2026-04-30,21:29:23,-07:00,2026-04-30T21:29:23-07:00,4,9
projects/index.html,25,html,deb6b953,Arushi Patra,2026-04-30,20:57:08,-07:00,2026-04-30T20:57:08-07:00,2,4
projects/index.html,26,html,dd852729,Arushi Patra,2026-04-30,21:45:06,-07:00,2026-04-30T21:45:06-07:00,2,22
projects/index.html,27,html,1e05c722,Arushi Patra,2026-04-30,21:57:14,-07:00,2026-04-30T21:57:14-07:00,2,4
projects/index.html,28,html,bca58ab6,Arushi Patra,2026-04-30,21:05:25,-07:00,2026-04-30T21:05:25-07:00,0,0
projects/index.html,29,html,6106bec2,Arushi Patra,2026-04-30,22:18:23,-07:00,2026-04-30T22:18:23-07:00,2,4
projects/index.html,30,html,6106bec2,Arushi Patra,2026-04-30,22:18:23,-07:00,2026-04-30T22:18:23-07:00,2,15
projects/index.html,31,html,6106bec2,Arushi Patra,2026-04-30,22:18:23,-07:00,2026-04-30T22:18:23-07:00,2,11
projects/index.html,32,html,6106bec2,Arushi Patra,2026-04-30,22:18:23,-07:00,2026-04-30T22:18:23-07:00,2,26
projects/index.html,33,html,6106bec2,Arushi Patra,2026-04-30,22:18:23,-07:00,2026-04-30T22:18:23-07:00,2,31
projects/index.html,34,html,6106bec2,Arushi Patra,2026-04-30,22:18:23,-07:00,2026-04-30T22:18:23-07:00,2,0
projects/index.html,35,html,6106bec2,Arushi Patra,2026-04-30,22:18:23,-07:00,2026-04-30T22:18:23-07:00,0,0
projects/index.html,36,html,a44486e7,Arushi Patra,2026-04-23,15:39:11,-07:00,2026-04-23T15:39:11-07:00,2,20
projects/index.html,37,html,2794e5c9,Arushi Patra,2026-04-23,15:21:21,-07:00,2026-04-23T15:21:21-07:00,4,12
projects/index.html,38,html,0eb69ceb,Arushi Patra,2026-04-09,18:42:13,-07:00,2026-04-09T18:42:13-07:00,6,29
projects/index.html,39,html,0eb69ceb,Arushi Patra,2026-04-09,18:42:13,-07:00,2026-04-09T18:42:13-07:00,6,70
projects/index.html,40,html,0eb69ceb,Arushi Patra,2026-04-09,18:42:13,-07:00,2026-04-09T18:42:13-07:00,6,226
projects/index.html,41,html,0eb69ceb,Arushi Patra,2026-04-09,18:42:13,-07:00,2026-04-09T18:42:13-07:00,4,8
projects/index.html,42,html,0eb69ceb,Arushi Patra,2026-04-09,18:42:13,-07:00,2026-04-09T18:42:13-07:00,4,7
projects/index.html,43,html,0eb69ceb,Arushi Patra,2026-04-09,18:42:13,-07:00,2026-04-09T18:42:13-07:00,6,34
projects/index.html,44,html,0eb69ceb,Arushi Patra,2026-04-09,18:42:13,-07:00,2026-04-09T18:42:13-07:00,6,70
projects/index.html,45,html,0eb69ceb,Arushi Patra,2026-04-09,18:42:13,-07:00,2026-04-09T18:42:13-07:00,6,223
projects/index.html,46,html,0eb69ceb,Arushi Patra,2026-04-09,18:42:13,-07:00,2026-04-09T18:42:13-07:00,4,8
projects/index.html,47,html,0eb69ceb,Arushi Patra,2026-04-09,18:42:13,-07:00,2026-04-09T18:42:13-07:00,4,7
projects/index.html,48,html,0eb69ceb,Arushi Patra,2026-04-09,18:42:13,-07:00,2026-04-09T18:42:13-07:00,6,35
projects/index.html,49,html,0eb69ceb,Arushi Patra,2026-04-09,18:42:13,-07:00,2026-04-09T18:42:13-07:00,6,70
projects/index.html,50,html,0eb69ceb,Arushi Patra,2026-04-09,18:42:13,-07:00,2026-04-09T18:42:13-07:00,6,245
projects/index.html,51,html,0eb69ceb,Arushi Patra,2026-04-09,18:42:13,-07:00,2026-04-09T18:42:13-07:00,4,8
projects/index.html,52,html,0eb69ceb,Arushi Patra,2026-04-09,18:42:13,-07:00,2026-04-09T18:42:13-07:00,4,7
projects/index.html,53,html,0eb69ceb,Arushi Patra,2026-04-09,18:42:13,-07:00,2026-04-09T18:42:13-07:00,6,41
projects/index.html,54,html,0eb69ceb,Arushi Patra,2026-04-09,18:42:13,-07:00,2026-04-09T18:42:13-07:00,6,70
projects/index.html,55,html,0eb69ceb,Arushi Patra,2026-04-09,18:42:13,-07:00,2026-04-09T18:42:13-07:00,6,212
projects/index.html,56,html,0eb69ceb,Arushi Patra,2026-04-09,18:42:13,-07:00,2026-04-09T18:42:13-07:00,4,8
projects/index.html,57,html,0eb69ceb,Arushi Patra,2026-04-09,18:42:13,-07:00,2026-04-09T18:42:13-07:00,4,7
projects/index.html,58,html,0eb69ceb,Arushi Patra,2026-04-09,18:42:13,-07:00,2026-04-09T18:42:13-07:00,6,41
projects/index.html,59,html,0eb69ceb,Arushi Patra,2026-04-09,18:42:13,-07:00,2026-04-09T18:42:13-07:00,6,70
projects/index.html,60,html,0eb69ceb,Arushi Patra,2026-04-09,18:42:13,-07:00,2026-04-09T18:42:13-07:00,6,258
projects/index.html,61,html,0eb69ceb,Arushi Patra,2026-04-09,18:42:13,-07:00,2026-04-09T18:42:13-07:00,4,8
projects/index.html,62,html,0eb69ceb,Arushi Patra,2026-04-09,18:42:13,-07:00,2026-04-09T18:42:13-07:00,4,7
projects/index.html,63,html,0eb69ceb,Arushi Patra,2026-04-09,18:42:13,-07:00,2026-04-09T18:42:13-07:00,6,36
projects/index.html,64,html,0eb69ceb,Arushi Patra,2026-04-09,18:42:13,-07:00,2026-04-09T18:42:13-07:00,6,70
projects/index.html,65,html,0eb69ceb,Arushi Patra,2026-04-09,18:42:13,-07:00,2026-04-09T18:42:13-07:00,6,214
projects/index.html,66,html,0eb69ceb,Arushi Patra,2026-04-09,18:42:13,-07:00,2026-04-09T18:42:13-07:00,4,8
projects/index.html,67,html,0eb69ceb,Arushi Patra,2026-04-09,18:42:13,-07:00,2026-04-09T18:42:13-07:00,4,7
projects/index.html,68,html,0eb69ceb,Arushi Patra,2026-04-09,18:42:13,-07:00,2026-04-09T18:42:13-07:00,6,34
projects/index.html,69,html,0eb69ceb,Arushi Patra,2026-04-09,18:42:13,-07:00,2026-04-09T18:42:13-07:00,6,70
projects/index.html,70,html,0eb69ceb,Arushi Patra,2026-04-09,18:42:13,-07:00,2026-04-09T18:42:13-07:00,6,252
projects/index.html,71,html,0eb69ceb,Arushi Patra,2026-04-09,18:42:13,-07:00,2026-04-09T18:42:13-07:00,4,8
projects/index.html,72,html,0eb69ceb,Arushi Patra,2026-04-09,18:42:13,-07:00,2026-04-09T18:42:13-07:00,4,7
projects/index.html,73,html,0eb69ceb,Arushi Patra,2026-04-09,18:42:13,-07:00,2026-04-09T18:42:13-07:00,6,32
projects/index.html,74,html,0eb69ceb,Arushi Patra,2026-04-09,18:42:13,-07:00,2026-04-09T18:42:13-07:00,6,70
projects/index.html,75,html,0eb69ceb,Arushi Patra,2026-04-09,18:42:13,-07:00,2026-04-09T18:42:13-07:00,6,220
projects/index.html,76,html,0eb69ceb,Arushi Patra,2026-04-09,18:42:13,-07:00,2026-04-09T18:42:13-07:00,4,8
projects/index.html,77,html,0eb69ceb,Arushi Patra,2026-04-09,18:42:13,-07:00,2026-04-09T18:42:13-07:00,4,7
projects/index.html,78,html,0eb69ceb,Arushi Patra,2026-04-09,18:42:13,-07:00,2026-04-09T18:42:13-07:00,6,38
projects/index.html,79,html,0eb69ceb,Arushi Patra,2026-04-09,18:42:13,-07:00,2026-04-09T18:42:13-07:00,6,70
projects/index.html,80,html,0eb69ceb,Arushi Patra,2026-04-09,18:42:13,-07:00,2026-04-09T18:42:13-07:00,6,237
projects/index.html,81,html,0eb69ceb,Arushi Patra,2026-04-09,18:42:13,-07:00,2026-04-09T18:42:13-07:00,4,8
projects/index.html,82,html,0eb69ceb,Arushi Patra,2026-04-09,18:42:13,-07:00,2026-04-09T18:42:13-07:00,4,7
projects/index.html,83,html,0eb69ceb,Arushi Patra,2026-04-09,18:42:13,-07:00,2026-04-09T18:42:13-07:00,6,36
projects/index.html,84,html,0eb69ceb,Arushi Patra,2026-04-09,18:42:13,-07:00,2026-04-09T18:42:13-07:00,6,70
projects/index.html,85,html,0eb69ceb,Arushi Patra,2026-04-09,18:42:13,-07:00,2026-04-09T18:42:13-07:00,6,242
projects/index.html,86,html,0eb69ceb,Arushi Patra,2026-04-09,18:42:13,-07:00,2026-04-09T18:42:13-07:00,4,8
projects/index.html,87,html,0eb69ceb,Arushi Patra,2026-04-09,18:42:13,-07:00,2026-04-09T18:42:13-07:00,4,7
projects/index.html,88,html,0eb69ceb,Arushi Patra,2026-04-09,18:42:13,-07:00,2026-04-09T18:42:13-07:00,6,38
projects/index.html,89,html,0eb69ceb,Arushi Patra,2026-04-09,18:42:13,-07:00,2026-04-09T18:42:13-07:00,6,70
projects/index.html,90,html,0eb69ceb,Arushi Patra,2026-04-09,18:42:13,-07:00,2026-04-09T18:42:13-07:00,6,205
projects/index.html,91,html,0eb69ceb,Arushi Patra,2026-04-09,18:42:13,-07:00,2026-04-09T18:42:13-07:00,4,8
projects/index.html,92,html,0eb69ceb,Arushi Patra,2026-04-09,18:42:13,-07:00,2026-04-09T18:42:13-07:00,4,7
projects/index.html,93,html,0eb69ceb,Arushi Patra,2026-04-09,18:42:13,-07:00,2026-04-09T18:42:13-07:00,6,35
projects/index.html,94,html,0eb69ceb,Arushi Patra,2026-04-09,18:42:13,-07:00,2026-04-09T18:42:13-07:00,6,70
projects/index.html,95,html,e90c907b,Arushi Patra,2026-04-16,14:16:56,-07:00,2026-04-16T14:16:56-07:00,6,247
projects/index.html,96,html,2794e5c9,Arushi Patra,2026-04-23,15:21:21,-07:00,2026-04-23T15:21:21-07:00,4,12
projects/index.html,97,html,e90c907b,Arushi Patra,2026-04-16,14:16:56,-07:00,2026-04-16T14:16:56-07:00,2,4
projects/index.html,98,html,e90c907b,Arushi Patra,2026-04-16,14:16:56,-07:00,2026-04-16T14:16:56-07:00,0,0
projects/index.html,99,html,e90c907b,Arushi Patra,2026-04-16,14:16:56,-07:00,2026-04-16T14:16:56-07:00,0,5
projects/index.html,100,html,e90c907b,Arushi Patra,2026-04-16,14:16:56,-07:00,2026-04-16T14:16:56-07:00,0,5
meta/index.html,1,html,9ea0a60d,Arushi Patra,2026-05-05,22:45:42,-07:00,2026-05-05T22:45:42-07:00,0,13
meta/index.html,2,html,9ea0a60d,Arushi Patra,2026-05-05,22:45:42,-07:00,2026-05-05T22:45:42-07:00,0,14
meta/index.html,3,html,9ea0a60d,Arushi Patra,2026-05-05,22:45:42,-07:00,2026-05-05T22:45:42-07:00,0,4
meta/index.html,4,html,9ea0a60d,Arushi Patra,2026-05-05,22:45:42,-07:00,2026-05-05T22:45:42-07:00,2,20
meta/index.html,5,html,9ea0a60d,Arushi Patra,2026-05-05,22:45:42,-07:00,2026-05-05T22:45:42-07:00,2,68
meta/index.html,6,html,9ea0a60d,Arushi Patra,2026-05-05,22:45:42,-07:00,2026-05-05T22:45:42-07:00,2,17
meta/index.html,7,html,00000000,Not Committed Yet,2026-05-08,13:15:24,-07:00,2026-05-08T13:15:24-07:00,2,41
meta/index.html,8,html,c6f16d5e,Arushi Patra,2026-05-05,22:46:22,-07:00,2026-05-05T22:46:22-07:00,2,48
meta/index.html,9,html,c6f16d5e,Arushi Patra,2026-05-05,22:46:22,-07:00,2026-05-05T22:46:22-07:00,2,47
meta/index.html,10,html,9ea0a60d,Arushi Patra,2026-05-05,22:45:42,-07:00,2026-05-05T22:45:42-07:00,0,5
meta/index.html,11,html,d7a94f89,Arushi Patra,2026-05-05,22:53:17,-07:00,2026-05-05T22:53:17-07:00,0,17
meta/index.html,12,html,9ea0a60d,Arushi Patra,2026-05-05,22:45:42,-07:00,2026-05-05T22:45:42-07:00,2,0
meta/index.html,13,html,9ea0a60d,Arushi Patra,2026-05-05,22:45:42,-07:00,2026-05-05T22:45:42-07:00,2,15
meta/index.html,14,html,9ea0a60d,Arushi Patra,2026-05-05,22:45:42,-07:00,2026-05-05T22:45:42-07:00,0,5
meta/index.html,15,html,9ea0a60d,Arushi Patra,2026-05-05,22:45:42,-07:00,2026-05-05T22:45:42-07:00,0,5
contact/index.html,1,html,c02ea2cb,Arushi Patra,2026-04-02,18:37:05,-07:00,2026-04-02T18:37:05-07:00,0,13
contact/index.html,2,html,c02ea2cb,Arushi Patra,2026-04-02,18:37:05,-07:00,2026-04-02T18:37:05-07:00,0,14
contact/index.html,3,html,c02ea2cb,Arushi Patra,2026-04-02,18:37:05,-07:00,2026-04-02T18:37:05-07:00,0,4
contact/index.html,4,html,c02ea2cb,Arushi Patra,2026-04-02,18:37:05,-07:00,2026-04-02T18:37:05-07:00,2,20
contact/index.html,5,html,c02ea2cb,Arushi Patra,2026-04-02,18:37:05,-07:00,2026-04-02T18:37:05-07:00,2,68
contact/index.html,6,html,c02ea2cb,Arushi Patra,2026-04-02,18:37:05,-07:00,2026-04-02T18:37:05-07:00,2,20
contact/index.html,7,html,9d824c68,Arushi Patra,2026-04-02,22:07:20,-07:00,2026-04-02T22:07:20-07:00,2,41
contact/index.html,8,html,d950f6a9,Arushi Patra,2026-04-16,13:31:21,-07:00,2026-04-16T13:31:21-07:00,2,48
contact/index.html,9,html,c02ea2cb,Arushi Patra,2026-04-02,18:37:05,-07:00,2026-04-02T18:37:05-07:00,0,5
contact/index.html,10,html,a5132b81,Arushi Patra,2026-04-02,21:23:55,-07:00,2026-04-02T21:23:55-07:00,0,4
contact/index.html,11,html,0a4765ff,Arushi Patra,2026-04-16,14:11:23,-07:00,2026-04-16T14:11:23-07:00,2,8
contact/index.html,12,html,ce7a4490,Arushi Patra,2026-04-09,18:16:28,-07:00,2026-04-09T18:16:28-07:00,4,30
contact/index.html,13,html,ce7a4490,Arushi Patra,2026-04-09,18:16:28,-07:00,2026-04-09T18:16:28-07:00,4,33
contact/index.html,14,html,ce7a4490,Arushi Patra,2026-04-09,18:16:28,-07:00,2026-04-09T18:16:28-07:00,4,31
contact/index.html,15,html,ce7a4490,Arushi Patra,2026-04-09,18:16:28,-07:00,2026-04-09T18:16:28-07:00,4,29
contact/index.html,16,html,167a04f5,Arushi Patra,2026-04-02,21:53:56,-07:00,2026-04-02T21:53:56-07:00,4,65
contact/index.html,17,html,0a4765ff,Arushi Patra,2026-04-16,14:11:23,-07:00,2026-04-16T14:11:23-07:00,2,8
contact/index.html,18,html,9d824c68,Arushi Patra,2026-04-02,22:07:20,-07:00,2026-04-02T22:07:20-07:00,0,0
contact/index.html,19,html,9d824c68,Arushi Patra,2026-04-02,22:07:20,-07:00,2026-04-02T22:07:20-07:00,2,14
contact/index.html,20,html,9d824c68,Arushi Patra,2026-04-02,22:07:20,-07:00,2026-04-02T22:07:20-07:00,0,0
contact/index.html,21,html,4515a064,Arushi Patra,2026-04-17,16:19:25,-07:00,2026-04-17T16:19:25-07:00,2,49
contact/index.html,22,html,754991ca,Arushi Patra,2026-04-02,22:28:01,-07:00,2026-04-02T22:28:01-07:00,4,21
contact/index.html,23,html,523dc837,Arushi Patra,2026-04-02,22:26:31,-07:00,2026-04-02T22:26:31-07:00,4,20
contact/index.html,24,html,ce7a4490,Arushi Patra,2026-04-09,18:16:28,-07:00,2026-04-09T18:16:28-07:00,4,0
contact/index.html,25,html,4515a064,Arushi Patra,2026-04-17,16:19:25,-07:00,2026-04-17T16:19:25-07:00,4,21
contact/index.html,26,html,523dc837,Arushi Patra,2026-04-02,22:26:31,-07:00,2026-04-02T22:26:31-07:00,4,31
contact/index.html,27,html,9d824c68,Arushi Patra,2026-04-02,22:07:20,-07:00,2026-04-02T22:07:20-07:00,0,0
contact/index.html,28,html,fc91e53e,Arushi Patra,2026-04-09,18:33:51,-07:00,2026-04-09T18:33:51-07:00,4,19
contact/index.html,29,html,167a04f5,Arushi Patra,2026-04-02,21:53:56,-07:00,2026-04-02T21:53:56-07:00,2,5
contact/index.html,30,html,c02ea2cb,Arushi Patra,2026-04-02,18:37:05,-07:00,2026-04-02T18:37:05-07:00,0,5
contact/index.html,31,html,c02ea2cb,Arushi Patra,2026-04-02,18:37:05,-07:00,2026-04-02T18:37:05-07:00,0,5
